state_fips,year,month,time,joshi,spencer,pop
1,2018,1,1,56,49,4864680
2,2018,1,1,11,10,738516
4,2018,1,1,146,129,6946685
5,2018,1,1,37,32,2990671
6,2018,1,1,475,429,39148760
8,2018,1,1,100,90,5531141
9,2018,1,1,66,61,3581504
10,2018,1,1,27,23,949495
12,2018,1,1,438,411,20598139
13,2018,1,1,100,86,10297484
15,2018,1,1,17,16,1422029
16,2018,1,1,14,13,1687809
17,2018,1,1,242,223,12821497
18,2018,1,1,138,122,6637426
19,2018,1,1,27,19,3132499
20,2018,1,1,30,23,2908776
21,2018,1,1,109,105,4440204
22,2018,1,1,102,96,4663616
23,2018,1,1,28,22,1332813
24,2018,1,1,212,57,6003435
25,2018,1,1,208,201,6830193
26,2018,1,1,243,206,9957488
27,2018,1,1,46,42,5527358
28,2018,1,1,23,21,2988762
29,2018,1,1,124,111,6090062
30,2018,1,1,11,1,1041732
31,2018,1,1,7,7,1904760
32,2018,1,1,57,47,2922849
33,2018,1,1,29,29,1343622
34,2018,1,1,218,211,8881845
35,2018,1,1,41,30,2092434
36,2018,1,1,374,327,19618453
37,2018,1,1,199,185,10155624
38,2018,1,1,10,4,752201
39,2018,1,1,298,285,11641879
40,2018,1,1,69,59,3918137
41,2018,1,1,58,47,4081943
42,2018,1,1,361,342,12791181
44,2018,1,1,20,16,1056611
45,2018,1,1,85,79,4955925
46,2018,1,1,3,1,864289
47,2018,1,1,136,125,6651089
48,2018,1,1,236,208,27885195
49,2018,1,1,51,43,3045350
50,2018,1,1,10,10,624977
51,2018,1,1,98,89,8413774
53,2018,1,1,93,82,7294336
54,2018,1,1,61,61,1829054
55,2018,1,1,86,81,5778394
56,2018,1,1,8,6,581836
11,2018,1,1,18,16,684498
1,2019,1,13,40,39,4876250
2,2019,1,13,13,11,737068
4,2019,1,13,142,122,7050299
5,2019,1,13,43,37,2999370
6,2019,1,13,498,449,39283497
8,2019,1,13,88,69,5610349
9,2019,1,13,83,75,3575074
10,2019,1,13,31,28,957248
12,2019,1,13,427,395,20901636
13,2019,1,13,109,96,10403847
15,2019,1,13,28,22,1422094
16,2019,1,13,19,13,1717750
17,2019,1,13,197,179,12770631
18,2019,1,13,117,106,6665703
19,2019,1,13,28,24,3139508
20,2019,1,13,37,27,2910652
21,2019,1,13,113,105,4449052
22,2019,1,13,97,90,4664362
23,2019,1,13,14,14,1335492
24,2019,1,13,213,42,6018848
25,2019,1,13,182,174,6850553
26,2019,1,13,181,140,9965265
27,2019,1,13,73,68,5563378
28,2019,1,13,21,18,2984418
29,2019,1,13,153,135,6104910
30,2019,1,13,14,11,1050649
31,2019,1,13,14,2,1914571
32,2019,1,13,69,61,2972382
33,2019,1,13,29,25,1348124
34,2019,1,13,181,173,8878503
35,2019,1,13,29,26,2092454
36,2019,1,13,256,227,19572319
37,2019,1,13,178,162,10264876
38,2019,1,13,8,6,756717
39,2019,1,13,330,305,11655397
40,2019,1,13,41,36,3932870
41,2019,1,13,49,42,4129803
42,2019,1,13,349,314,12791530
44,2019,1,13,33,27,1057231
45,2019,1,13,96,88,5020806
46,2019,1,13,5,3,870638
47,2019,1,13,179,166,6709356
48,2019,1,13,235,210,28260856
49,2019,1,13,55,45,3096848
50,2019,1,13,13,11,624313
51,2019,1,13,128,118,8454463
53,2019,1,13,112,100,7404107
54,2019,1,13,66,63,1817305
55,2019,1,13,80,67,5790716
56,2019,1,13,8,8,581024
11,2019,1,13,24,24,692683
1,2020,1,25,55,49,4893186
2,2020,1,25,14,10,736990
4,2020,1,25,184,161,7174064
5,2020,1,25,48,42,3011873
6,2020,1,25,590,552,39346023
8,2020,1,25,108,95,5684926
9,2020,1,25,114,108,3570549
10,2020,1,25,36,33,967679
12,2020,1,25,532,490,21216924
13,2020,1,25,120,103,10516579
15,2020,1,25,17,14,1420074
16,2020,1,25,20,13,1754367
17,2020,1,25,262,247,12716164
18,2020,1,25,165,149,6696893
19,2020,1,25,24,17,3150011
20,2020,1,25,44,36,2912619
21,2020,1,25,119,109,4461952
22,2020,1,25,124,114,4664616
23,2020,1,25,42,36,1340825
24,2020,1,25,187,39,6037624
25,2020,1,25,163,154,6873003
26,2020,1,25,183,142,9973907
27,2020,1,25,67,58,5600166
28,2020,1,25,34,28,2981835
29,2020,1,25,147,134,6124160
30,2020,1,25,14,10,1061705
31,2020,1,25,12,11,1923826
32,2020,1,25,59,50,3030281
33,2020,1,25,31,29,1355244
34,2020,1,25,248,234,8885418
35,2020,1,25,54,51,2097021
36,2020,1,25,358,324,19514849
37,2020,1,25,222,195,10386227
38,2020,1,25,12,10,760394
39,2020,1,25,353,338,11675275
40,2020,1,25,40,33,3949342
41,2020,1,25,60,51,4176346
42,2020,1,25,386,361,12794885
44,2020,1,25,34,30,1057798
45,2020,1,25,112,103,5091517
46,2020,1,25,8,3,879336
47,2020,1,25,203,192,6772268
48,2020,1,25,297,269,28635442
49,2020,1,25,47,38,3151239
50,2020,1,25,11,11,624340
51,2020,1,25,154,145,8509358
53,2020,1,25,124,110,7512465
54,2020,1,25,83,79,1807426
55,2020,1,25,115,110,5806975
56,2020,1,25,10,6,581348
11,2020,1,25,45,45,701974
1,2021,1,37,98,96,4997675
2,2021,1,37,13,13,735951
4,2021,1,37,212,199,7079203
5,2021,1,37,47,41,3006309
6,2021,1,37,989,948,39455353
8,2021,1,37,153,137,5723176
9,2021,1,37,123,123,3605330
10,2021,1,37,42,41,981892
12,2021,1,37,640,609,21339762
13,2021,1,37,168,157,10625615
15,2021,1,37,16,14,1453498
16,2021,1,37,24,20,1811617
17,2021,1,37,243,229,12821813
18,2021,1,37,230,218,6751340
19,2021,1,37,33,26,3179090
20,2021,1,37,48,44,2932099
21,2021,1,37,203,193,4494141
22,2021,1,37,217,203,4657305
23,2021,1,37,54,52,1357046
24,2021,1,37,257,98,6148545
25,2021,1,37,200,192,6991852
26,2021,1,37,248,201,10062512
27,2021,1,37,108,95,5670472
28,2021,1,37,64,60,2967023
29,2021,1,37,178,168,6141534
30,2021,1,37,22,19,1077978
31,2021,1,37,15,12,1951480
32,2021,1,37,84,73,3059238
33,2021,1,37,27,26,1372175
34,2021,1,37,253,249,9234024
35,2021,1,37,71,64,2109366
36,2021,1,37,533,477,20114745
37,2021,1,37,322,304,10367022
38,2021,1,37,14,12,773344
39,2021,1,37,460,439,11769923
40,2021,1,37,71,67,3948136
41,2021,1,37,100,90,4207177
42,2021,1,37,448,411,12970650
44,2021,1,37,39,35,1091949
45,2021,1,37,161,154,5078903
46,2021,1,37,9,9,881785
47,2021,1,37,327,311,6859497
48,2021,1,37,397,362,28862581
49,2021,1,37,59,47,3231370
50,2021,1,37,16,16,641637
51,2021,1,37,228,221,8582479
53,2021,1,37,177,163,7617364
54,2021,1,37,150,144,1801049
55,2021,1,37,133,120,5871661
56,2021,1,37,6,6,576641
11,2021,1,37,47,46,683154
1,2022,1,49,96,92,4997675
2,2022,1,49,11,11,735951
4,2022,1,49,202,178,7079203
5,2022,1,49,54,47,3006309
6,2022,1,49,941,889,39455353
8,2022,1,49,167,150,5723176
9,2022,1,49,108,102,3605330
10,2022,1,49,48,46,981892
12,2022,1,49,623,578,21339762
13,2022,1,49,225,207,10625615
15,2022,1,49,23,22,1453498
16,2022,1,49,40,36,1811617
17,2022,1,49,362,342,12821813
18,2022,1,49,233,207,6751340
19,2022,1,49,41,35,3179090
20,2022,1,49,60,53,2932099
21,2022,1,49,182,176,4494141
22,2022,1,49,232,215,4657305
23,2022,1,49,41,39,1357046
24,2022,1,49,233,106,6148545
25,2022,1,49,203,190,6991852
26,2022,1,49,264,220,10062512
27,2022,1,49,124,115,5670472
28,2022,1,49,62,57,2967023
29,2022,1,49,192,179,6141534
30,2022,1,49,18,17,1077978
31,2022,1,49,10,7,1951480
32,2022,1,49,81,78,3059238
33,2022,1,49,51,49,1372175
34,2022,1,49,292,274,9234024
35,2022,1,49,82,78,2109366
36,2022,1,49,522,478,20114745
37,2022,1,49,331,310,10367022
38,2022,1,49,5,5,773344
39,2022,1,49,425,404,11769923
40,2022,1,49,95,91,3948136
41,2022,1,49,102,90,4207177
42,2022,1,49,432,411,12970650
44,2022,1,49,37,36,1091949
45,2022,1,49,199,191,5078903
46,2022,1,49,9,9,881785
47,2022,1,49,273,264,6859497
48,2022,1,49,396,368,28862581
49,2022,1,49,67,53,3231370
50,2022,1,49,22,20,641637
51,2022,1,49,200,192,8582479
53,2022,1,49,208,192,7617364
54,2022,1,49,119,118,1801049
55,2022,1,49,189,173,5871661
56,2022,1,49,11,6,576641
11,2022,1,49,43,43,683154
1,2023,1,61,138,134,4997675
2,2023,1,61,33,30,735951
4,2023,1,61,216,199,7079203
5,2023,1,61,35,29,3006309
6,2023,1,61,1038,989,39455353
8,2023,1,61,147,133,5723176
9,2023,1,61,108,99,3605330
10,2023,1,61,53,53,981892
12,2023,1,61,628,585,21339762
13,2023,1,61,214,205,10625615
15,2023,1,61,15,14,1453498
16,2023,1,61,27,23,1811617
17,2023,1,61,299,276,12821813
18,2023,1,61,197,181,6751340
19,2023,1,61,36,30,3179090
20,2023,1,61,62,58,2932099
21,2023,1,61,180,171,4494141
22,2023,1,61,187,170,4657305
23,2023,1,61,53,48,1357046
24,2023,1,61,214,131,6148545
25,2023,1,61,228,211,6991852
26,2023,1,61,282,220,10062512
27,2023,1,61,119,107,5670472
28,2023,1,61,59,58,2967023
29,2023,1,61,183,168,6141534
30,2023,1,61,18,17,1077978
31,2023,1,61,16,14,1951480
32,2023,1,61,76,73,3059238
33,2023,1,61,39,38,1372175
34,2023,1,61,216,209,9234024
35,2023,1,61,81,77,2109366
36,2023,1,61,578,551,20114745
37,2023,1,61,353,341,10367022
38,2023,1,61,15,14,773344
39,2023,1,61,428,404,11769923
40,2023,1,61,110,100,3948136
41,2023,1,61,143,129,4207177
42,2023,1,61,451,420,12970650
44,2023,1,61,45,40,1091949
45,2023,1,61,188,177,5078903
46,2023,1,61,9,9,881785
47,2023,1,61,306,291,6859497
48,2023,1,61,461,420,28862581
49,2023,1,61,68,50,3231370
50,2023,1,61,20,16,641637
51,2023,1,61,223,212,8582479
53,2023,1,61,303,285,7617364
54,2023,1,61,116,114,1801049
55,2023,1,61,163,153,5871661
56,2023,1,61,11,11,576641
11,2023,1,61,41,39,683154
1,2018,2,2,73,64,4864680
2,2018,2,2,5,3,738516
4,2018,2,2,99,78,6946685
5,2018,2,2,22,17,2990671
6,2018,2,2,419,374,39148760
8,2018,2,2,80,67,5531141
9,2018,2,2,86,80,3581504
10,2018,2,2,27,27,949495
12,2018,2,2,371,335,20598139
13,2018,2,2,98,83,10297484
15,2018,2,2,20,19,1422029
16,2018,2,2,18,12,1687809
17,2018,2,2,207,186,12821497
18,2018,2,2,120,111,6637426
19,2018,2,2,25,22,3132499
20,2018,2,2,22,12,2908776
21,2018,2,2,122,116,4440204
22,2018,2,2,101,89,4663616
23,2018,2,2,23,22,1332813
24,2018,2,2,224,67,6003435
25,2018,2,2,175,171,6830193
26,2018,2,2,230,197,9957488
27,2018,2,2,61,51,5527358
28,2018,2,2,32,26,2988762
29,2018,2,2,122,111,6090062
30,2018,2,2,4,4,1041732
31,2018,2,2,13,11,1904760
32,2018,2,2,55,50,2922849
33,2018,2,2,37,32,1343622
34,2018,2,2,194,188,8881845
35,2018,2,2,33,29,2092434
36,2018,2,2,269,241,19618453
37,2018,2,2,162,146,10155624
38,2018,2,2,8,6,752201
39,2018,2,2,315,302,11641879
40,2018,2,2,52,46,3918137
41,2018,2,2,36,28,4081943
42,2018,2,2,292,257,12791181
44,2018,2,2,21,21,1056611
45,2018,2,2,81,76,4955925
46,2018,2,2,0,0,864289
47,2018,2,2,159,141,6651089
48,2018,2,2,254,218,27885195
49,2018,2,2,58,48,3045350
50,2018,2,2,12,5,624977
51,2018,2,2,113,102,8413774
53,2018,2,2,97,89,7294336
54,2018,2,2,75,73,1829054
55,2018,2,2,91,77,5778394
56,2018,2,2,9,2,581836
11,2018,2,2,21,21,684498
1,2019,2,14,52,46,4876250
2,2019,2,14,17,11,737068
4,2019,2,14,121,104,7050299
5,2019,2,14,34,28,2999370
6,2019,2,14,459,416,39283497
8,2019,2,14,87,74,5610349
9,2019,2,14,79,74,3575074
10,2019,2,14,25,25,957248
12,2019,2,14,387,347,20901636
13,2019,2,14,98,89,10403847
15,2019,2,14,22,19,1422094
16,2019,2,14,29,23,1717750
17,2019,2,14,175,160,12770631
18,2019,2,14,121,107,6665703
19,2019,2,14,24,20,3139508
20,2019,2,14,35,29,2910652
21,2019,2,14,102,98,4449052
22,2019,2,14,94,84,4664362
23,2019,2,14,29,26,1335492
24,2019,2,14,185,30,6018848
25,2019,2,14,162,150,6850553
26,2019,2,14,180,140,9965265
27,2019,2,14,54,44,5563378
28,2019,2,14,17,16,2984418
29,2019,2,14,125,114,6104910
30,2019,2,14,11,5,1050649
31,2019,2,14,15,13,1914571
32,2019,2,14,60,51,2972382
33,2019,2,14,40,36,1348124
34,2019,2,14,233,225,8878503
35,2019,2,14,46,41,2092454
36,2019,2,14,286,254,19572319
37,2019,2,14,200,183,10264876
38,2019,2,14,10,3,756717
39,2019,2,14,290,276,11655397
40,2019,2,14,40,35,3932870
41,2019,2,14,44,36,4129803
42,2019,2,14,300,282,12791530
44,2019,2,14,22,22,1057231
45,2019,2,14,83,76,5020806
46,2019,2,14,9,9,870638
47,2019,2,14,139,127,6709356
48,2019,2,14,197,169,28260856
49,2019,2,14,48,41,3096848
50,2019,2,14,15,14,624313
51,2019,2,14,123,112,8454463
53,2019,2,14,96,82,7404107
54,2019,2,14,51,49,1817305
55,2019,2,14,78,70,5790716
56,2019,2,14,8,8,581024
11,2019,2,14,26,26,692683
1,2020,2,26,70,65,4893186
2,2020,2,26,3,3,736990
4,2020,2,26,160,147,7174064
5,2020,2,26,37,28,3011873
6,2020,2,26,600,551,39346023
8,2020,2,26,97,82,5684926
9,2020,2,26,92,88,3570549
10,2020,2,26,44,43,967679
12,2020,2,26,523,495,21216924
13,2020,2,26,138,124,10516579
15,2020,2,26,15,13,1420074
16,2020,2,26,23,19,1754367
17,2020,2,26,273,259,12716164
18,2020,2,26,159,133,6696893
19,2020,2,26,40,31,3150011
20,2020,2,26,31,27,2912619
21,2020,2,26,145,131,4461952
22,2020,2,26,106,100,4664616
23,2020,2,26,40,37,1340825
24,2020,2,26,210,48,6037624
25,2020,2,26,186,181,6873003
26,2020,2,26,208,159,9973907
27,2020,2,26,63,51,5600166
28,2020,2,26,35,31,2981835
29,2020,2,26,159,150,6124160
30,2020,2,26,9,8,1061705
31,2020,2,26,13,11,1923826
32,2020,2,26,53,45,3030281
33,2020,2,26,32,31,1355244
34,2020,2,26,228,223,8885418
35,2020,2,26,53,47,2097021
36,2020,2,26,362,329,19514849
37,2020,2,26,227,213,10386227
38,2020,2,26,12,6,760394
39,2020,2,26,354,344,11675275
40,2020,2,26,44,40,3949342
41,2020,2,26,47,41,4176346
42,2020,2,26,368,338,12794885
44,2020,2,26,30,30,1057798
45,2020,2,26,111,103,5091517
46,2020,2,26,5,3,879336
47,2020,2,26,178,164,6772268
48,2020,2,26,265,240,28635442
49,2020,2,26,41,31,3151239
50,2020,2,26,6,6,624340
51,2020,2,26,128,119,8509358
53,2020,2,26,107,98,7512465
54,2020,2,26,71,66,1807426
55,2020,2,26,131,121,5806975
56,2020,2,26,9,9,581348
11,2020,2,26,36,34,701974
1,2021,2,38,85,83,4997675
2,2021,2,38,15,14,735951
4,2021,2,38,183,163,7079203
5,2021,2,38,48,40,3006309
6,2021,2,38,809,773,39455353
8,2021,2,38,124,111,5723176
9,2021,2,38,116,111,3605330
10,2021,2,38,37,36,981892
12,2021,2,38,568,532,21339762
13,2021,2,38,205,184,10625615
15,2021,2,38,27,23,1453498
16,2021,2,38,18,12,1811617
17,2021,2,38,235,216,12821813
18,2021,2,38,180,160,6751340
19,2021,2,38,35,31,3179090
20,2021,2,38,48,43,2932099
21,2021,2,38,173,165,4494141
22,2021,2,38,181,167,4657305
23,2021,2,38,41,37,1357046
24,2021,2,38,208,47,6148545
25,2021,2,38,189,179,6991852
26,2021,2,38,208,173,10062512
27,2021,2,38,96,90,5670472
28,2021,2,38,70,68,2967023
29,2021,2,38,163,154,6141534
30,2021,2,38,10,7,1077978
31,2021,2,38,19,15,1951480
32,2021,2,38,81,73,3059238
33,2021,2,38,25,23,1372175
34,2021,2,38,240,226,9234024
35,2021,2,38,70,68,2109366
36,2021,2,38,430,389,20114745
37,2021,2,38,289,275,10367022
38,2021,2,38,2,1,773344
39,2021,2,38,398,379,11769923
40,2021,2,38,46,43,3948136
41,2021,2,38,70,60,4207177
42,2021,2,38,442,411,12970650
44,2021,2,38,37,36,1091949
45,2021,2,38,134,126,5078903
46,2021,2,38,12,8,881785
47,2021,2,38,287,279,6859497
48,2021,2,38,369,336,28862581
49,2021,2,38,47,40,3231370
50,2021,2,38,12,10,641637
51,2021,2,38,192,178,8582479
53,2021,2,38,143,139,7617364
54,2021,2,38,117,115,1801049
55,2021,2,38,124,114,5871661
56,2021,2,38,4,2,576641
11,2021,2,38,33,32,683154
1,2022,2,50,123,119,4997675
2,2022,2,50,19,18,735951
4,2022,2,50,181,165,7079203
5,2022,2,50,49,44,3006309
6,2022,2,50,903,857,39455353
8,2022,2,50,152,138,5723176
9,2022,2,50,107,101,3605330
10,2022,2,50,38,38,981892
12,2022,2,50,618,593,21339762
13,2022,2,50,202,187,10625615
15,2022,2,50,28,25,1453498
16,2022,2,50,19,15,1811617
17,2022,2,50,299,285,12821813
18,2022,2,50,258,236,6751340
19,2022,2,50,45,42,3179090
20,2022,2,50,56,53,2932099
21,2022,2,50,178,172,4494141
22,2022,2,50,200,191,4657305
23,2022,2,50,48,46,1357046
24,2022,2,50,212,107,6148545
25,2022,2,50,209,204,6991852
26,2022,2,50,228,182,10062512
27,2022,2,50,94,86,5670472
28,2022,2,50,45,41,2967023
29,2022,2,50,160,146,6141534
30,2022,2,50,15,14,1077978
31,2022,2,50,21,19,1951480
32,2022,2,50,64,58,3059238
33,2022,2,50,39,36,1372175
34,2022,2,50,235,226,9234024
35,2022,2,50,102,101,2109366
36,2022,2,50,449,424,20114745
37,2022,2,50,328,314,10367022
38,2022,2,50,10,7,773344
39,2022,2,50,389,378,11769923
40,2022,2,50,100,98,3948136
41,2022,2,50,105,92,4207177
42,2022,2,50,383,362,12970650
44,2022,2,50,36,34,1091949
45,2022,2,50,190,186,5078903
46,2022,2,50,7,1,881785
47,2022,2,50,323,305,6859497
48,2022,2,50,451,422,28862581
49,2022,2,50,47,39,3231370
50,2022,2,50,15,15,641637
51,2022,2,50,202,189,8582479
53,2022,2,50,192,180,7617364
54,2022,2,50,114,112,1801049
55,2022,2,50,147,132,5871661
56,2022,2,50,10,8,576641
11,2022,2,50,45,45,683154
1,2023,2,62,134,125,4997675
2,2023,2,62,25,22,735951
4,2023,2,62,189,177,7079203
5,2023,2,62,46,42,3006309
6,2023,2,62,906,857,39455353
8,2023,2,62,145,132,5723176
9,2023,2,62,126,118,3605330
10,2023,2,62,45,43,981892
12,2023,2,62,587,547,21339762
13,2023,2,62,198,184,10625615
15,2023,2,62,22,22,1453498
16,2023,2,62,39,36,1811617
17,2023,2,62,290,275,12821813
18,2023,2,62,184,166,6751340
19,2023,2,62,32,19,3179090
20,2023,2,62,49,43,2932099
21,2023,2,62,179,168,4494141
22,2023,2,62,178,167,4657305
23,2023,2,62,48,44,1357046
24,2023,2,62,194,101,6148545
25,2023,2,62,179,169,6991852
26,2023,2,62,233,198,10062512
27,2023,2,62,97,89,5670472
28,2023,2,62,43,39,2967023
29,2023,2,62,172,159,6141534
30,2023,2,62,15,15,1077978
31,2023,2,62,16,13,1951480
32,2023,2,62,82,76,3059238
33,2023,2,62,46,43,1372175
34,2023,2,62,217,207,9234024
35,2023,2,62,59,54,2109366
36,2023,2,62,487,452,20114745
37,2023,2,62,341,318,10367022
38,2023,2,62,11,10,773344
39,2023,2,62,418,402,11769923
40,2023,2,62,117,113,3948136
41,2023,2,62,118,109,4207177
42,2023,2,62,409,376,12970650
44,2023,2,62,32,31,1091949
45,2023,2,62,179,172,5078903
46,2023,2,62,6,2,881785
47,2023,2,62,298,284,6859497
48,2023,2,62,443,411,28862581
49,2023,2,62,58,45,3231370
50,2023,2,62,24,22,641637
51,2023,2,62,196,185,8582479
53,2023,2,62,235,220,7617364
54,2023,2,62,102,100,1801049
55,2023,2,62,118,114,5871661
56,2023,2,62,10,2,576641
11,2023,2,62,37,37,683154
1,2018,3,3,72,65,4864680
2,2018,3,3,5,5,738516
4,2018,3,3,148,130,6946685
5,2018,3,3,42,29,2990671
6,2018,3,3,442,405,39148760
8,2018,3,3,89,68,5531141
9,2018,3,3,104,97,3581504
10,2018,3,3,36,36,949495
12,2018,3,3,370,343,20598139
13,2018,3,3,147,138,10297484
15,2018,3,3,18,16,1422029
16,2018,3,3,25,22,1687809
17,2018,3,3,237,214,12821497
18,2018,3,3,141,121,6637426
19,2018,3,3,23,19,3132499
20,2018,3,3,29,24,2908776
21,2018,3,3,109,101,4440204
22,2018,3,3,120,104,4663616
23,2018,3,3,36,33,1332813
24,2018,3,3,226,58,6003435
25,2018,3,3,179,167,6830193
26,2018,3,3,244,209,9957488
27,2018,3,3,61,53,5527358
28,2018,3,3,24,23,2988762
29,2018,3,3,128,121,6090062
30,2018,3,3,8,8,1041732
31,2018,3,3,17,15,1904760
32,2018,3,3,53,45,2922849
33,2018,3,3,45,43,1343622
34,2018,3,3,250,237,8881845
35,2018,3,3,49,41,2092434
36,2018,3,3,296,268,19618453
37,2018,3,3,169,143,10155624
38,2018,3,3,9,9,752201
39,2018,3,3,340,320,11641879
40,2018,3,3,66,57,3918137
41,2018,3,3,44,34,4081943
42,2018,3,3,369,336,12791181
44,2018,3,3,28,27,1056611
45,2018,3,3,101,95,4955925
46,2018,3,3,4,4,864289
47,2018,3,3,160,148,6651089
48,2018,3,3,227,198,27885195
49,2018,3,3,55,44,3045350
50,2018,3,3,11,10,624977
51,2018,3,3,127,112,8413774
53,2018,3,3,100,84,7294336
54,2018,3,3,82,74,1829054
55,2018,3,3,103,85,5778394
56,2018,3,3,4,4,581836
11,2018,3,3,22,21,684498
1,2019,3,15,70,63,4876250
2,2019,3,15,15,12,737068
4,2019,3,15,165,131,7050299
5,2019,3,15,29,25,2999370
6,2019,3,15,511,453,39283497
8,2019,3,15,79,66,5610349
9,2019,3,15,98,86,3575074
10,2019,3,15,29,28,957248
12,2019,3,15,394,361,20901636
13,2019,3,15,134,116,10403847
15,2019,3,15,19,17,1422094
16,2019,3,15,30,22,1717750
17,2019,3,15,208,191,12770631
18,2019,3,15,159,149,6665703
19,2019,3,15,23,18,3139508
20,2019,3,15,31,29,2910652
21,2019,3,15,123,112,4449052
22,2019,3,15,92,81,4664362
23,2019,3,15,24,21,1335492
24,2019,3,15,216,49,6018848
25,2019,3,15,201,194,6850553
26,2019,3,15,198,159,9965265
27,2019,3,15,53,41,5563378
28,2019,3,15,36,35,2984418
29,2019,3,15,134,121,6104910
30,2019,3,15,6,2,1050649
31,2019,3,15,18,12,1914571
32,2019,3,15,47,44,2972382
33,2019,3,15,36,34,1348124
34,2019,3,15,193,186,8878503
35,2019,3,15,44,42,2092454
36,2019,3,15,314,280,19572319
37,2019,3,15,220,212,10264876
38,2019,3,15,7,7,756717
39,2019,3,15,390,367,11655397
40,2019,3,15,43,36,3932870
41,2019,3,15,51,41,4129803
42,2019,3,15,369,342,12791530
44,2019,3,15,31,26,1057231
45,2019,3,15,87,82,5020806
46,2019,3,15,7,7,870638
47,2019,3,15,180,165,6709356
48,2019,3,15,268,245,28260856
49,2019,3,15,45,36,3096848
50,2019,3,15,5,5,624313
51,2019,3,15,129,119,8454463
53,2019,3,15,102,83,7404107
54,2019,3,15,69,67,1817305
55,2019,3,15,119,113,5790716
56,2019,3,15,10,8,581024
11,2019,3,15,20,19,692683
1,2020,3,27,89,80,4893186
2,2020,3,27,6,6,736990
4,2020,3,27,199,173,7174064
5,2020,3,27,43,39,3011873
6,2020,3,27,658,615,39346023
8,2020,3,27,122,108,5684926
9,2020,3,27,110,101,3570549
10,2020,3,27,35,34,967679
12,2020,3,27,617,576,21216924
13,2020,3,27,155,142,10516579
15,2020,3,27,27,25,1420074
16,2020,3,27,22,20,1754367
17,2020,3,27,285,267,12716164
18,2020,3,27,167,150,6696893
19,2020,3,27,34,28,3150011
20,2020,3,27,35,26,2912619
21,2020,3,27,153,148,4461952
22,2020,3,27,137,129,4664616
23,2020,3,27,43,40,1340825
24,2020,3,27,237,79,6037624
25,2020,3,27,193,180,6873003
26,2020,3,27,218,189,9973907
27,2020,3,27,89,81,5600166
28,2020,3,27,38,35,2981835
29,2020,3,27,158,146,6124160
30,2020,3,27,12,11,1061705
31,2020,3,27,25,19,1923826
32,2020,3,27,54,50,3030281
33,2020,3,27,38,35,1355244
34,2020,3,27,238,228,8885418
35,2020,3,27,51,44,2097021
36,2020,3,27,412,369,19514849
37,2020,3,27,241,222,10386227
38,2020,3,27,12,12,760394
39,2020,3,27,373,358,11675275
40,2020,3,27,70,62,3949342
41,2020,3,27,62,54,4176346
42,2020,3,27,414,387,12794885
44,2020,3,27,32,31,1057798
45,2020,3,27,154,144,5091517
46,2020,3,27,6,2,879336
47,2020,3,27,249,232,6772268
48,2020,3,27,301,263,28635442
49,2020,3,27,37,29,3151239
50,2020,3,27,10,10,624340
51,2020,3,27,150,138,8509358
53,2020,3,27,143,123,7512465
54,2020,3,27,80,77,1807426
55,2020,3,27,116,106,5806975
56,2020,3,27,11,8,581348
11,2020,3,27,30,28,701974
1,2021,3,39,133,123,4997675
2,2021,3,39,26,26,735951
4,2021,3,39,220,200,7079203
5,2021,3,39,54,48,3006309
6,2021,3,39,925,883,39455353
8,2021,3,39,171,148,5723176
9,2021,3,39,125,118,3605330
10,2021,3,39,47,47,981892
12,2021,3,39,672,635,21339762
13,2021,3,39,211,198,10625615
15,2021,3,39,19,18,1453498
16,2021,3,39,19,16,1811617
17,2021,3,39,321,305,12821813
18,2021,3,39,243,225,6751340
19,2021,3,39,40,37,3179090
20,2021,3,39,68,63,2932099
21,2021,3,39,206,198,4494141
22,2021,3,39,216,200,4657305
23,2021,3,39,58,55,1357046
24,2021,3,39,238,56,6148545
25,2021,3,39,240,232,6991852
26,2021,3,39,286,239,10062512
27,2021,3,39,128,115,5670472
28,2021,3,39,70,68,2967023
29,2021,3,39,185,172,6141534
30,2021,3,39,10,1,1077978
31,2021,3,39,21,19,1951480
32,2021,3,39,74,66,3059238
33,2021,3,39,34,32,1372175
34,2021,3,39,270,256,9234024
35,2021,3,39,80,75,2109366
36,2021,3,39,508,466,20114745
37,2021,3,39,359,341,10367022
38,2021,3,39,12,10,773344
39,2021,3,39,497,477,11769923
40,2021,3,39,80,73,3948136
41,2021,3,39,95,82,4207177
42,2021,3,39,458,429,12970650
44,2021,3,39,30,29,1091949
45,2021,3,39,184,173,5078903
46,2021,3,39,9,6,881785
47,2021,3,39,344,328,6859497
48,2021,3,39,478,443,28862581
49,2021,3,39,48,42,3231370
50,2021,3,39,27,25,641637
51,2021,3,39,256,245,8582479
53,2021,3,39,192,178,7617364
54,2021,3,39,142,139,1801049
55,2021,3,39,129,117,5871661
56,2021,3,39,6,4,576641
11,2021,3,39,40,40,683154
1,2022,3,51,116,111,4997675
2,2022,3,51,26,23,735951
4,2022,3,51,215,188,7079203
5,2022,3,51,65,60,3006309
6,2022,3,51,882,834,39455353
8,2022,3,51,144,120,5723176
9,2022,3,51,125,120,3605330
10,2022,3,51,44,40,981892
12,2022,3,51,726,682,21339762
13,2022,3,51,218,206,10625615
15,2022,3,51,21,21,1453498
16,2022,3,51,33,29,1811617
17,2022,3,51,326,312,12821813
18,2022,3,51,236,216,6751340
19,2022,3,51,47,39,3179090
20,2022,3,51,70,64,2932099
21,2022,3,51,184,175,4494141
22,2022,3,51,229,213,4657305
23,2022,3,51,65,59,1357046
24,2022,3,51,225,100,6148545
25,2022,3,51,222,213,6991852
26,2022,3,51,250,207,10062512
27,2022,3,51,119,107,5670472
28,2022,3,51,72,69,2967023
29,2022,3,51,180,164,6141534
30,2022,3,51,24,20,1077978
31,2022,3,51,21,18,1951480
32,2022,3,51,72,66,3059238
33,2022,3,51,46,41,1372175
34,2022,3,51,257,246,9234024
35,2022,3,51,87,76,2109366
36,2022,3,51,517,475,20114745
37,2022,3,51,367,353,10367022
38,2022,3,51,15,11,773344
39,2022,3,51,453,442,11769923
40,2022,3,51,100,93,3948136
41,2022,3,51,104,94,4207177
42,2022,3,51,481,447,12970650
44,2022,3,51,43,43,1091949
45,2022,3,51,181,178,5078903
46,2022,3,51,9,9,881785
47,2022,3,51,364,354,6859497
48,2022,3,51,449,413,28862581
49,2022,3,51,58,48,3231370
50,2022,3,51,18,12,641637
51,2022,3,51,221,216,8582479
53,2022,3,51,196,185,7617364
54,2022,3,51,97,96,1801049
55,2022,3,51,149,139,5871661
56,2022,3,51,11,10,576641
11,2022,3,51,35,35,683154
1,2023,3,63,149,140,4997675
2,2023,3,63,15,14,735951
4,2023,3,63,230,206,7079203
5,2023,3,63,42,37,3006309
6,2023,3,63,1043,996,39455353
8,2023,3,63,144,126,5723176
9,2023,3,63,105,100,3605330
10,2023,3,63,46,45,981892
12,2023,3,63,596,560,21339762
13,2023,3,63,255,244,10625615
15,2023,3,63,21,19,1453498
16,2023,3,63,30,27,1811617
17,2023,3,63,340,321,12821813
18,2023,3,63,188,167,6751340
19,2023,3,63,37,31,3179090
20,2023,3,63,58,52,2932099
21,2023,3,63,196,190,4494141
22,2023,3,63,199,178,4657305
23,2023,3,63,40,38,1357046
24,2023,3,63,202,103,6148545
25,2023,3,63,205,195,6991852
26,2023,3,63,292,234,10062512
27,2023,3,63,117,107,5670472
28,2023,3,63,54,51,2967023
29,2023,3,63,214,200,6141534
30,2023,3,63,16,11,1077978
31,2023,3,63,15,15,1951480
32,2023,3,63,137,127,3059238
33,2023,3,63,47,45,1372175
34,2023,3,63,232,221,9234024
35,2023,3,63,85,85,2109366
36,2023,3,63,539,507,20114745
37,2023,3,63,388,366,10367022
38,2023,3,63,8,2,773344
39,2023,3,63,421,402,11769923
40,2023,3,63,122,115,3948136
41,2023,3,63,150,143,4207177
42,2023,3,63,440,415,12970650
44,2023,3,63,34,33,1091949
45,2023,3,63,217,198,5078903
46,2023,3,63,8,8,881785
47,2023,3,63,354,339,6859497
48,2023,3,63,502,461,28862581
49,2023,3,63,45,40,3231370
50,2023,3,63,15,15,641637
51,2023,3,63,226,215,8582479
53,2023,3,63,307,287,7617364
54,2023,3,63,138,135,1801049
55,2023,3,63,163,151,5871661
56,2023,3,63,10,8,576641
11,2023,3,63,46,46,683154
1,2018,4,4,62,50,4864680
2,2018,4,4,11,10,738516
4,2018,4,4,127,112,6946685
5,2018,4,4,33,27,2990671
6,2018,4,4,424,380,39148760
8,2018,4,4,78,68,5531141
9,2018,4,4,83,76,3581504
10,2018,4,4,34,34,949495
12,2018,4,4,410,360,20598139
13,2018,4,4,117,100,10297484
15,2018,4,4,23,23,1422029
16,2018,4,4,22,18,1687809
17,2018,4,4,232,199,12821497
18,2018,4,4,140,129,6637426
19,2018,4,4,21,18,3132499
20,2018,4,4,29,20,2908776
21,2018,4,4,124,120,4440204
22,2018,4,4,95,90,4663616
23,2018,4,4,38,34,1332813
24,2018,4,4,218,50,6003435
25,2018,4,4,175,171,6830193
26,2018,4,4,201,166,9957488
27,2018,4,4,41,34,5527358
28,2018,4,4,18,16,2988762
29,2018,4,4,123,108,6090062
30,2018,4,4,7,7,1041732
31,2018,4,4,12,10,1904760
32,2018,4,4,58,44,2922849
33,2018,4,4,33,32,1343622
34,2018,4,4,221,212,8881845
35,2018,4,4,41,34,2092434
36,2018,4,4,309,275,19618453
37,2018,4,4,178,164,10155624
38,2018,4,4,4,3,752201
39,2018,4,4,299,278,11641879
40,2018,4,4,57,48,3918137
41,2018,4,4,50,43,4081943
42,2018,4,4,399,367,12791181
44,2018,4,4,26,25,1056611
45,2018,4,4,118,107,4955925
46,2018,4,4,9,2,864289
47,2018,4,4,156,143,6651089
48,2018,4,4,244,217,27885195
49,2018,4,4,62,50,3045350
50,2018,4,4,3,1,624977
51,2018,4,4,112,100,8413774
53,2018,4,4,87,74,7294336
54,2018,4,4,74,68,1829054
55,2018,4,4,71,62,5778394
56,2018,4,4,9,9,581836
11,2018,4,4,35,34,684498
1,2019,4,16,60,53,4876250
2,2019,4,16,9,3,737068
4,2019,4,16,135,121,7050299
5,2019,4,16,30,26,2999370
6,2019,4,16,495,446,39283497
8,2019,4,16,83,64,5610349
9,2019,4,16,89,83,3575074
10,2019,4,16,32,32,957248
12,2019,4,16,432,392,20901636
13,2019,4,16,122,108,10403847
15,2019,4,16,18,16,1422094
16,2019,4,16,17,14,1717750
17,2019,4,16,194,180,12770631
18,2019,4,16,128,109,6665703
19,2019,4,16,30,21,3139508
20,2019,4,16,34,29,2910652
21,2019,4,16,122,112,4449052
22,2019,4,16,93,76,4664362
23,2019,4,16,30,29,1335492
24,2019,4,16,203,47,6018848
25,2019,4,16,172,161,6850553
26,2019,4,16,190,160,9965265
27,2019,4,16,66,52,5563378
28,2019,4,16,23,23,2984418
29,2019,4,16,97,85,6104910
30,2019,4,16,11,2,1050649
31,2019,4,16,7,7,1914571
32,2019,4,16,62,48,2972382
33,2019,4,16,30,26,1348124
34,2019,4,16,190,182,8878503
35,2019,4,16,56,50,2092454
36,2019,4,16,265,224,19572319
37,2019,4,16,188,169,10264876
38,2019,4,16,7,4,756717
39,2019,4,16,347,327,11655397
40,2019,4,16,50,41,3932870
41,2019,4,16,56,48,4129803
42,2019,4,16,369,347,12791530
44,2019,4,16,23,20,1057231
45,2019,4,16,82,76,5020806
46,2019,4,16,8,8,870638
47,2019,4,16,177,163,6709356
48,2019,4,16,251,216,28260856
49,2019,4,16,48,36,3096848
50,2019,4,16,11,6,624313
51,2019,4,16,126,114,8454463
53,2019,4,16,88,73,7404107
54,2019,4,16,78,73,1817305
55,2019,4,16,104,91,5790716
56,2019,4,16,9,8,581024
11,2019,4,16,23,23,692683
1,2020,4,28,95,91,4893186
2,2020,4,28,9,4,736990
4,2020,4,28,177,156,7174064
5,2020,4,28,48,41,3011873
6,2020,4,28,715,682,39346023
8,2020,4,28,139,127,5684926
9,2020,4,28,133,127,3570549
10,2020,4,28,41,40,967679
12,2020,4,28,659,628,21216924
13,2020,4,28,186,174,10516579
15,2020,4,28,24,23,1420074
16,2020,4,28,17,13,1754367
17,2020,4,28,334,321,12716164
18,2020,4,28,208,187,6696893
19,2020,4,28,44,34,3150011
20,2020,4,28,30,27,2912619
21,2020,4,28,173,170,4461952
22,2020,4,28,168,158,4664616
23,2020,4,28,35,32,1340825
24,2020,4,28,195,62,6037624
25,2020,4,28,202,194,6873003
26,2020,4,28,233,204,9973907
27,2020,4,28,97,87,5600166
28,2020,4,28,44,41,2981835
29,2020,4,28,191,182,6124160
30,2020,4,28,21,20,1061705
31,2020,4,28,24,20,1923826
32,2020,4,28,80,74,3030281
33,2020,4,28,40,36,1355244
34,2020,4,28,225,215,8885418
35,2020,4,28,56,52,2097021
36,2020,4,28,410,361,19514849
37,2020,4,28,284,273,10386227
38,2020,4,28,10,5,760394
39,2020,4,28,409,396,11675275
40,2020,4,28,64,60,3949342
41,2020,4,28,68,60,4176346
42,2020,4,28,475,451,12794885
44,2020,4,28,36,35,1057798
45,2020,4,28,143,142,5091517
46,2020,4,28,4,4,879336
47,2020,4,28,258,244,6772268
48,2020,4,28,344,311,28635442
49,2020,4,28,59,46,3151239
50,2020,4,28,20,17,624340
51,2020,4,28,195,186,8509358
53,2020,4,28,158,150,7512465
54,2020,4,28,106,104,1807426
55,2020,4,28,127,118,5806975
56,2020,4,28,7,7,581348
11,2020,4,28,54,53,701974
1,2021,4,40,128,123,4997675
2,2021,4,40,16,15,735951
4,2021,4,40,212,192,7079203
5,2021,4,40,54,43,3006309
6,2021,4,40,949,915,39455353
8,2021,4,40,161,135,5723176
9,2021,4,40,120,118,3605330
10,2021,4,40,41,41,981892
12,2021,4,40,752,715,21339762
13,2021,4,40,225,214,10625615
15,2021,4,40,11,10,1453498
16,2021,4,40,31,26,1811617
17,2021,4,40,353,340,12821813
18,2021,4,40,260,233,6751340
19,2021,4,40,42,36,3179090
20,2021,4,40,56,53,2932099
21,2021,4,40,224,216,4494141
22,2021,4,40,218,202,4657305
23,2021,4,40,45,43,1357046
24,2021,4,40,237,83,6148545
25,2021,4,40,220,212,6991852
26,2021,4,40,293,247,10062512
27,2021,4,40,109,96,5670472
28,2021,4,40,75,70,2967023
29,2021,4,40,214,202,6141534
30,2021,4,40,20,17,1077978
31,2021,4,40,20,17,1951480
32,2021,4,40,77,70,3059238
33,2021,4,40,34,31,1372175
34,2021,4,40,243,233,9234024
35,2021,4,40,97,93,2109366
36,2021,4,40,466,433,20114745
37,2021,4,40,333,321,10367022
38,2021,4,40,12,11,773344
39,2021,4,40,500,483,11769923
40,2021,4,40,63,58,3948136
41,2021,4,40,112,102,4207177
42,2021,4,40,432,416,12970650
44,2021,4,40,40,36,1091949
45,2021,4,40,217,209,5078903
46,2021,4,40,10,10,881785
47,2021,4,40,356,345,6859497
48,2021,4,40,431,403,28862581
49,2021,4,40,79,59,3231370
50,2021,4,40,18,16,641637
51,2021,4,40,250,238,8582479
53,2021,4,40,192,184,7617364
54,2021,4,40,164,160,1801049
55,2021,4,40,169,156,5871661
56,2021,4,40,3,3,576641
11,2021,4,40,35,32,683154
1,2022,4,52,121,114,4997675
2,2022,4,52,16,15,735951
4,2022,4,52,193,179,7079203
5,2022,4,52,44,34,3006309
6,2022,4,52,912,855,39455353
8,2022,4,52,140,126,5723176
9,2022,4,52,122,120,3605330
10,2022,4,52,41,41,981892
12,2022,4,52,641,613,21339762
13,2022,4,52,241,229,10625615
15,2022,4,52,22,20,1453498
16,2022,4,52,27,22,1811617
17,2022,4,52,305,287,12821813
18,2022,4,52,190,172,6751340
19,2022,4,52,39,29,3179090
20,2022,4,52,63,57,2932099
21,2022,4,52,176,173,4494141
22,2022,4,52,208,192,4657305
23,2022,4,52,58,57,1357046
24,2022,4,52,187,76,6148545
25,2022,4,52,222,204,6991852
26,2022,4,52,237,198,10062512
27,2022,4,52,92,82,5670472
28,2022,4,52,50,44,2967023
29,2022,4,52,187,174,6141534
30,2022,4,52,15,14,1077978
31,2022,4,52,13,10,1951480
32,2022,4,52,74,66,3059238
33,2022,4,52,41,37,1372175
34,2022,4,52,239,231,9234024
35,2022,4,52,76,74,2109366
36,2022,4,52,493,456,20114745
37,2022,4,52,369,354,10367022
38,2022,4,52,10,1,773344
39,2022,4,52,396,379,11769923
40,2022,4,52,82,78,3948136
41,2022,4,52,100,88,4207177
42,2022,4,52,423,393,12970650
44,2022,4,52,35,34,1091949
45,2022,4,52,170,161,5078903
46,2022,4,52,9,9,881785
47,2022,4,52,310,300,6859497
48,2022,4,52,426,398,28862581
49,2022,4,52,38,29,3231370
50,2022,4,52,21,18,641637
51,2022,4,52,183,175,8582479
53,2022,4,52,189,171,7617364
54,2022,4,52,103,97,1801049
55,2022,4,52,161,154,5871661
56,2022,4,52,9,8,576641
11,2022,4,52,39,38,683154
1,2023,4,64,120,118,4997675
2,2023,4,64,26,26,735951
4,2023,4,64,214,194,7079203
5,2023,4,64,54,48,3006309
6,2023,4,64,979,924,39455353
8,2023,4,64,164,147,5723176
9,2023,4,64,114,108,3605330
10,2023,4,64,47,46,981892
12,2023,4,64,626,593,21339762
13,2023,4,64,224,214,10625615
15,2023,4,64,32,28,1453498
16,2023,4,64,34,28,1811617
17,2023,4,64,306,286,12821813
18,2023,4,64,190,171,6751340
19,2023,4,64,43,33,3179090
20,2023,4,64,46,43,2932099
21,2023,4,64,194,185,4494141
22,2023,4,64,191,182,4657305
23,2023,4,64,62,59,1357046
24,2023,4,64,212,116,6148545
25,2023,4,64,182,167,6991852
26,2023,4,64,269,230,10062512
27,2023,4,64,117,109,5670472
28,2023,4,64,45,44,2967023
29,2023,4,64,178,164,6141534
30,2023,4,64,12,10,1077978
31,2023,4,64,11,4,1951480
32,2023,4,64,118,104,3059238
33,2023,4,64,30,29,1372175
34,2023,4,64,249,247,9234024
35,2023,4,64,91,88,2109366
36,2023,4,64,606,556,20114745
37,2023,4,64,353,341,10367022
38,2023,4,64,11,10,773344
39,2023,4,64,457,443,11769923
40,2023,4,64,103,96,3948136
41,2023,4,64,135,123,4207177
42,2023,4,64,411,389,12970650
44,2023,4,64,38,36,1091949
45,2023,4,64,177,173,5078903
46,2023,4,64,9,9,881785
47,2023,4,64,320,312,6859497
48,2023,4,64,458,431,28862581
49,2023,4,64,61,50,3231370
50,2023,4,64,30,27,641637
51,2023,4,64,201,196,8582479
53,2023,4,64,311,295,7617364
54,2023,4,64,131,128,1801049
55,2023,4,64,156,143,5871661
56,2023,4,64,12,11,576641
11,2023,4,64,41,39,683154
1,2018,5,5,69,64,4864680
2,2018,5,5,4,4,738516
4,2018,5,5,139,121,6946685
5,2018,5,5,54,41,2990671
6,2018,5,5,412,363,39148760
8,2018,5,5,90,75,5531141
9,2018,5,5,95,87,3581504
10,2018,5,5,31,29,949495
12,2018,5,5,430,394,20598139
13,2018,5,5,120,98,10297484
15,2018,5,5,10,10,1422029
16,2018,5,5,23,17,1687809
17,2018,5,5,228,204,12821497
18,2018,5,5,128,113,6637426
19,2018,5,5,24,17,3132499
20,2018,5,5,30,22,2908776
21,2018,5,5,88,79,4440204
22,2018,5,5,103,96,4663616
23,2018,5,5,21,20,1332813
24,2018,5,5,222,74,6003435
25,2018,5,5,209,190,6830193
26,2018,5,5,181,148,9957488
27,2018,5,5,52,46,5527358
28,2018,5,5,22,18,2988762
29,2018,5,5,124,110,6090062
30,2018,5,5,13,2,1041732
31,2018,5,5,15,14,1904760
32,2018,5,5,43,33,2922849
33,2018,5,5,42,37,1343622
34,2018,5,5,255,245,8881845
35,2018,5,5,43,41,2092434
36,2018,5,5,309,286,19618453
37,2018,5,5,210,189,10155624
38,2018,5,5,8,8,752201
39,2018,5,5,338,321,11641879
40,2018,5,5,75,63,3918137
41,2018,5,5,58,46,4081943
42,2018,5,5,402,382,12791181
44,2018,5,5,33,32,1056611
45,2018,5,5,92,81,4955925
46,2018,5,5,9,9,864289
47,2018,5,5,167,152,6651089
48,2018,5,5,242,211,27885195
49,2018,5,5,62,48,3045350
50,2018,5,5,16,14,624977
51,2018,5,5,126,115,8413774
53,2018,5,5,99,88,7294336
54,2018,5,5,75,71,1829054
55,2018,5,5,106,94,5778394
56,2018,5,5,2,2,581836
11,2018,5,5,30,30,684498
1,2019,5,17,69,67,4876250
2,2019,5,17,12,11,737068
4,2019,5,17,151,135,7050299
5,2019,5,17,31,28,2999370
6,2019,5,17,511,448,39283497
8,2019,5,17,88,74,5610349
9,2019,5,17,108,101,3575074
10,2019,5,17,42,39,957248
12,2019,5,17,395,355,20901636
13,2019,5,17,124,118,10403847
15,2019,5,17,6,6,1422094
16,2019,5,17,20,17,1717750
17,2019,5,17,266,247,12770631
18,2019,5,17,142,121,6665703
19,2019,5,17,25,20,3139508
20,2019,5,17,34,29,2910652
21,2019,5,17,106,99,4449052
22,2019,5,17,107,94,4664362
23,2019,5,17,30,27,1335492
24,2019,5,17,188,39,6018848
25,2019,5,17,182,172,6850553
26,2019,5,17,236,198,9965265
27,2019,5,17,68,56,5563378
28,2019,5,17,35,29,2984418
29,2019,5,17,112,101,6104910
30,2019,5,17,10,4,1050649
31,2019,5,17,3,1,1914571
32,2019,5,17,62,51,2972382
33,2019,5,17,33,28,1348124
34,2019,5,17,233,222,8878503
35,2019,5,17,57,52,2092454
36,2019,5,17,292,258,19572319
37,2019,5,17,188,163,10264876
38,2019,5,17,5,5,756717
39,2019,5,17,345,327,11655397
40,2019,5,17,57,50,3932870
41,2019,5,17,44,30,4129803
42,2019,5,17,359,342,12791530
44,2019,5,17,37,35,1057231
45,2019,5,17,87,77,5020806
46,2019,5,17,10,7,870638
47,2019,5,17,183,167,6709356
48,2019,5,17,260,224,28260856
49,2019,5,17,37,26,3096848
50,2019,5,17,3,3,624313
51,2019,5,17,133,125,8454463
53,2019,5,17,98,74,7404107
54,2019,5,17,59,58,1817305
55,2019,5,17,103,94,5790716
56,2019,5,17,8,1,581024
11,2019,5,17,34,33,692683
1,2020,5,29,122,119,4893186
2,2020,5,29,20,16,736990
4,2020,5,29,228,208,7174064
5,2020,5,29,45,37,3011873
6,2020,5,29,776,739,39346023
8,2020,5,29,154,141,5684926
9,2020,5,29,123,120,3570549
10,2020,5,29,52,51,967679
12,2020,5,29,787,754,21216924
13,2020,5,29,173,166,10516579
15,2020,5,29,27,27,1420074
16,2020,5,29,29,22,1754367
17,2020,5,29,400,384,12716164
18,2020,5,29,250,224,6696893
19,2020,5,29,34,27,3150011
20,2020,5,29,42,40,2912619
21,2020,5,29,250,247,4461952
22,2020,5,29,206,196,4664616
23,2020,5,29,42,41,1340825
24,2020,5,29,265,91,6037624
25,2020,5,29,220,211,6873003
26,2020,5,29,321,291,9973907
27,2020,5,29,115,105,5600166
28,2020,5,29,57,54,2981835
29,2020,5,29,197,184,6124160
30,2020,5,29,12,11,1061705
31,2020,5,29,19,15,1923826
32,2020,5,29,92,84,3030281
33,2020,5,29,45,39,1355244
34,2020,5,29,285,281,8885418
35,2020,5,29,71,68,2097021
36,2020,5,29,499,450,19514849
37,2020,5,29,364,350,10386227
38,2020,5,29,8,8,760394
39,2020,5,29,584,568,11675275
40,2020,5,29,79,68,3949342
41,2020,5,29,101,87,4176346
42,2020,5,29,484,464,12794885
44,2020,5,29,40,38,1057798
45,2020,5,29,172,166,5091517
46,2020,5,29,8,8,879336
47,2020,5,29,350,339,6772268
48,2020,5,29,370,326,28635442
49,2020,5,29,45,39,3151239
50,2020,5,29,17,16,624340
51,2020,5,29,232,225,8509358
53,2020,5,29,169,156,7512465
54,2020,5,29,168,166,1807426
55,2020,5,29,167,158,5806975
56,2020,5,29,3,3,581348
11,2020,5,29,53,53,701974
1,2021,5,41,121,109,4997675
2,2021,5,41,29,28,735951
4,2021,5,41,258,242,7079203
5,2021,5,41,63,56,3006309
6,2021,5,41,952,894,39455353
8,2021,5,41,177,156,5723176
9,2021,5,41,140,131,3605330
10,2021,5,41,48,47,981892
12,2021,5,41,677,648,21339762
13,2021,5,41,230,219,10625615
15,2021,5,41,23,21,1453498
16,2021,5,41,37,33,1811617
17,2021,5,41,306,288,12821813
18,2021,5,41,240,222,6751340
19,2021,5,41,43,42,3179090
20,2021,5,41,48,48,2932099
21,2021,5,41,202,197,4494141
22,2021,5,41,211,189,4657305
23,2021,5,41,46,45,1357046
24,2021,5,41,250,86,6148545
25,2021,5,41,192,181,6991852
26,2021,5,41,269,235,10062512
27,2021,5,41,109,102,5670472
28,2021,5,41,65,63,2967023
29,2021,5,41,211,195,6141534
30,2021,5,41,22,22,1077978
31,2021,5,41,16,13,1951480
32,2021,5,41,72,64,3059238
33,2021,5,41,39,35,1372175
34,2021,5,41,231,216,9234024
35,2021,5,41,103,99,2109366
36,2021,5,41,482,450,20114745
37,2021,5,41,338,326,10367022
38,2021,5,41,14,12,773344
39,2021,5,41,467,454,11769923
40,2021,5,41,74,67,3948136
41,2021,5,41,114,107,4207177
42,2021,5,41,554,514,12970650
44,2021,5,41,48,44,1091949
45,2021,5,41,181,175,5078903
46,2021,5,41,4,4,881785
47,2021,5,41,323,316,6859497
48,2021,5,41,425,388,28862581
49,2021,5,41,57,46,3231370
50,2021,5,41,18,15,641637
51,2021,5,41,207,193,8582479
53,2021,5,41,189,172,7617364
54,2021,5,41,122,121,1801049
55,2021,5,41,166,159,5871661
56,2021,5,41,11,3,576641
11,2021,5,41,52,52,683154
1,2022,5,53,131,121,4997675
2,2022,5,53,19,17,735951
4,2022,5,53,207,185,7079203
5,2022,5,53,55,50,3006309
6,2022,5,53,903,852,39455353
8,2022,5,53,169,148,5723176
9,2022,5,53,126,119,3605330
10,2022,5,53,61,57,981892
12,2022,5,53,667,629,21339762
13,2022,5,53,213,200,10625615
15,2022,5,53,20,16,1453498
16,2022,5,53,20,10,1811617
17,2022,5,53,319,303,12821813
18,2022,5,53,199,181,6751340
19,2022,5,53,38,26,3179090
20,2022,5,53,55,49,2932099
21,2022,5,53,184,180,4494141
22,2022,5,53,211,193,4657305
23,2022,5,53,45,41,1357046
24,2022,5,53,186,55,6148545
25,2022,5,53,210,190,6991852
26,2022,5,53,232,188,10062512
27,2022,5,53,117,112,5670472
28,2022,5,53,75,67,2967023
29,2022,5,53,192,179,6141534
30,2022,5,53,22,20,1077978
31,2022,5,53,24,22,1951480
32,2022,5,53,80,70,3059238
33,2022,5,53,32,30,1372175
34,2022,5,53,233,222,9234024
35,2022,5,53,82,78,2109366
36,2022,5,53,543,505,20114745
37,2022,5,53,366,343,10367022
38,2022,5,53,10,6,773344
39,2022,5,53,402,385,11769923
40,2022,5,53,90,87,3948136
41,2022,5,53,129,109,4207177
42,2022,5,53,408,379,12970650
44,2022,5,53,49,45,1091949
45,2022,5,53,165,158,5078903
46,2022,5,53,9,8,881785
47,2022,5,53,289,275,6859497
48,2022,5,53,453,418,28862581
49,2022,5,53,48,38,3231370
50,2022,5,53,24,20,641637
51,2022,5,53,219,211,8582479
53,2022,5,53,208,191,7617364
54,2022,5,53,114,110,1801049
55,2022,5,53,161,148,5871661
56,2022,5,53,10,3,576641
11,2022,5,53,48,46,683154
1,2023,5,65,158,149,4997675
2,2023,5,65,32,30,735951
4,2023,5,65,227,202,7079203
5,2023,5,65,52,49,3006309
6,2023,5,65,1053,995,39455353
8,2023,5,65,182,159,5723176
9,2023,5,65,129,121,3605330
10,2023,5,65,42,38,981892
12,2023,5,65,610,578,21339762
13,2023,5,65,231,220,10625615
15,2023,5,65,31,23,1453498
16,2023,5,65,31,28,1811617
17,2023,5,65,334,307,12821813
18,2023,5,65,186,167,6751340
19,2023,5,65,45,36,3179090
20,2023,5,65,55,46,2932099
21,2023,5,65,196,190,4494141
22,2023,5,65,198,188,4657305
23,2023,5,65,45,41,1357046
24,2023,5,65,215,136,6148545
25,2023,5,65,239,230,6991852
26,2023,5,65,242,207,10062512
27,2023,5,65,109,99,5670472
28,2023,5,65,50,46,2967023
29,2023,5,65,176,165,6141534
30,2023,5,65,18,17,1077978
31,2023,5,65,16,16,1951480
32,2023,5,65,95,87,3059238
33,2023,5,65,37,35,1372175
34,2023,5,65,262,252,9234024
35,2023,5,65,78,77,2109366
36,2023,5,65,543,508,20114745
37,2023,5,65,381,355,10367022
38,2023,5,65,12,6,773344
39,2023,5,65,419,396,11769923
40,2023,5,65,128,118,3948136
41,2023,5,65,142,124,4207177
42,2023,5,65,457,429,12970650
44,2023,5,65,35,34,1091949
45,2023,5,65,203,193,5078903
46,2023,5,65,10,2,881785
47,2023,5,65,329,316,6859497
48,2023,5,65,469,426,28862581
49,2023,5,65,49,39,3231370
50,2023,5,65,14,14,641637
51,2023,5,65,223,214,8582479
53,2023,5,65,299,279,7617364
54,2023,5,65,118,118,1801049
55,2023,5,65,162,151,5871661
56,2023,5,65,10,5,576641
11,2023,5,65,46,45,683154
1,2018,6,6,53,47,4864680
2,2018,6,6,9,4,738516
4,2018,6,6,150,117,6946685
5,2018,6,6,44,36,2990671
6,2018,6,6,466,414,39148760
8,2018,6,6,69,57,5531141
9,2018,6,6,108,101,3581504
10,2018,6,6,30,29,949495
12,2018,6,6,373,326,20598139
13,2018,6,6,123,110,10297484
15,2018,6,6,18,17,1422029
16,2018,6,6,26,22,1687809
17,2018,6,6,210,187,12821497
18,2018,6,6,141,123,6637426
19,2018,6,6,24,19,3132499
20,2018,6,6,35,28,2908776
21,2018,6,6,110,106,4440204
22,2018,6,6,101,83,4663616
23,2018,6,6,31,29,1332813
24,2018,6,6,223,50,6003435
25,2018,6,6,207,199,6830193
26,2018,6,6,223,189,9957488
27,2018,6,6,52,47,5527358
28,2018,6,6,22,18,2988762
29,2018,6,6,149,139,6090062
30,2018,6,6,14,7,1041732
31,2018,6,6,12,10,1904760
32,2018,6,6,69,55,2922849
33,2018,6,6,19,18,1343622
34,2018,6,6,246,235,8881845
35,2018,6,6,60,50,2092434
36,2018,6,6,317,285,19618453
37,2018,6,6,219,200,10155624
38,2018,6,6,6,6,752201
39,2018,6,6,322,301,11641879
40,2018,6,6,66,53,3918137
41,2018,6,6,48,39,4081943
42,2018,6,6,414,377,12791181
44,2018,6,6,34,30,1056611
45,2018,6,6,91,84,4955925
46,2018,6,6,7,7,864289
47,2018,6,6,143,130,6651089
48,2018,6,6,272,241,27885195
49,2018,6,6,56,47,3045350
50,2018,6,6,8,8,624977
51,2018,6,6,111,104,8413774
53,2018,6,6,100,82,7294336
54,2018,6,6,79,74,1829054
55,2018,6,6,87,78,5778394
56,2018,6,6,5,5,581836
11,2018,6,6,17,15,684498
1,2019,6,18,73,67,4876250
2,2019,6,18,11,8,737068
4,2019,6,18,143,125,7050299
5,2019,6,18,28,19,2999370
6,2019,6,18,550,502,39283497
8,2019,6,18,84,67,5610349
9,2019,6,18,117,111,3575074
10,2019,6,18,44,42,957248
12,2019,6,18,454,420,20901636
13,2019,6,18,104,88,10403847
15,2019,6,18,22,19,1422094
16,2019,6,18,30,25,1717750
17,2019,6,18,217,200,12770631
18,2019,6,18,139,126,6665703
19,2019,6,18,21,19,3139508
20,2019,6,18,38,31,2910652
21,2019,6,18,101,95,4449052
22,2019,6,18,90,79,4664362
23,2019,6,18,40,34,1335492
24,2019,6,18,195,50,6018848
25,2019,6,18,188,177,6850553
26,2019,6,18,184,154,9965265
27,2019,6,18,70,50,5563378
28,2019,6,18,44,42,2984418
29,2019,6,18,96,88,6104910
30,2019,6,18,11,2,1050649
31,2019,6,18,7,7,1914571
32,2019,6,18,54,46,2972382
33,2019,6,18,27,25,1348124
34,2019,6,18,218,215,8878503
35,2019,6,18,60,54,2092454
36,2019,6,18,294,265,19572319
37,2019,6,18,203,192,10264876
38,2019,6,18,7,3,756717
39,2019,6,18,352,338,11655397
40,2019,6,18,54,46,3932870
41,2019,6,18,55,38,4129803
42,2019,6,18,362,334,12791530
44,2019,6,18,26,22,1057231
45,2019,6,18,85,77,5020806
46,2019,6,18,10,4,870638
47,2019,6,18,188,179,6709356
48,2019,6,18,244,215,28260856
49,2019,6,18,49,42,3096848
50,2019,6,18,8,8,624313
51,2019,6,18,113,103,8454463
53,2019,6,18,110,99,7404107
54,2019,6,18,61,56,1817305
55,2019,6,18,84,77,5790716
56,2019,6,18,5,3,581024
11,2019,6,18,29,25,692683
1,2020,6,30,97,90,4893186
2,2020,6,30,15,14,736990
4,2020,6,30,280,258,7174064
5,2020,6,30,47,41,3011873
6,2020,6,30,769,722,39346023
8,2020,6,30,110,96,5684926
9,2020,6,30,117,113,3570549
10,2020,6,30,47,45,967679
12,2020,6,30,653,615,21216924
13,2020,6,30,176,169,10516579
15,2020,6,30,27,23,1420074
16,2020,6,30,24,21,1754367
17,2020,6,30,294,279,12716164
18,2020,6,30,196,171,6696893
19,2020,6,30,39,29,3150011
20,2020,6,30,43,37,2912619
21,2020,6,30,163,158,4461952
22,2020,6,30,167,154,4664616
23,2020,6,30,47,43,1340825
24,2020,6,30,236,90,6037624
25,2020,6,30,202,178,6873003
26,2020,6,30,283,237,9973907
27,2020,6,30,83,78,5600166
28,2020,6,30,53,48,2981835
29,2020,6,30,159,147,6124160
30,2020,6,30,8,3,1061705
31,2020,6,30,15,13,1923826
32,2020,6,30,67,61,3030281
33,2020,6,30,26,24,1355244
34,2020,6,30,240,235,8885418
35,2020,6,30,80,73,2097021
36,2020,6,30,410,380,19514849
37,2020,6,30,267,259,10386227
38,2020,6,30,6,6,760394
39,2020,6,30,532,511,11675275
40,2020,6,30,62,55,3949342
41,2020,6,30,56,53,4176346
42,2020,6,30,464,433,12794885
44,2020,6,30,29,27,1057798
45,2020,6,30,165,155,5091517
46,2020,6,30,10,4,879336
47,2020,6,30,301,288,6772268
48,2020,6,30,360,327,28635442
49,2020,6,30,52,36,3151239
50,2020,6,30,11,11,624340
51,2020,6,30,172,162,8509358
53,2020,6,30,153,141,7512465
54,2020,6,30,135,130,1807426
55,2020,6,30,142,131,5806975
56,2020,6,30,5,3,581348
11,2020,6,30,40,40,701974
1,2021,6,42,112,104,4997675
2,2021,6,42,20,18,735951
4,2021,6,42,261,237,7079203
5,2021,6,42,51,49,3006309
6,2021,6,42,968,917,39455353
8,2021,6,42,171,156,5723176
9,2021,6,42,131,124,3605330
10,2021,6,42,44,44,981892
12,2021,6,42,751,712,21339762
13,2021,6,42,184,174,10625615
15,2021,6,42,20,20,1453498
16,2021,6,42,39,32,1811617
17,2021,6,42,325,308,12821813
18,2021,6,42,210,188,6751340
19,2021,6,42,39,33,3179090
20,2021,6,42,56,51,2932099
21,2021,6,42,199,192,4494141
22,2021,6,42,197,190,4657305
23,2021,6,42,53,52,1357046
24,2021,6,42,248,99,6148545
25,2021,6,42,210,190,6991852
26,2021,6,42,259,220,10062512
27,2021,6,42,86,79,5670472
28,2021,6,42,59,58,2967023
29,2021,6,42,183,170,6141534
30,2021,6,42,11,11,1077978
31,2021,6,42,18,15,1951480
32,2021,6,42,98,88,3059238
33,2021,6,42,39,37,1372175
34,2021,6,42,283,275,9234024
35,2021,6,42,94,88,2109366
36,2021,6,42,466,434,20114745
37,2021,6,42,322,309,10367022
38,2021,6,42,5,5,773344
39,2021,6,42,415,394,11769923
40,2021,6,42,79,72,3948136
41,2021,6,42,106,96,4207177
42,2021,6,42,454,423,12970650
44,2021,6,42,25,23,1091949
45,2021,6,42,181,175,5078903
46,2021,6,42,6,6,881785
47,2021,6,42,325,316,6859497
48,2021,6,42,427,393,28862581
49,2021,6,42,55,48,3231370
50,2021,6,42,20,17,641637
51,2021,6,42,199,194,8582479
53,2021,6,42,185,173,7617364
54,2021,6,42,113,110,1801049
55,2021,6,42,157,145,5871661
56,2021,6,42,10,10,576641
11,2021,6,42,43,42,683154
1,2022,6,54,111,102,4997675
2,2022,6,54,30,26,735951
4,2022,6,54,240,220,7079203
5,2022,6,54,43,38,3006309
6,2022,6,54,908,862,39455353
8,2022,6,54,126,113,5723176
9,2022,6,54,118,112,3605330
10,2022,6,54,51,50,981892
12,2022,6,54,635,602,21339762
13,2022,6,54,230,211,10625615
15,2022,6,54,19,16,1453498
16,2022,6,54,37,30,1811617
17,2022,6,54,287,271,12821813
18,2022,6,54,207,194,6751340
19,2022,6,54,38,31,3179090
20,2022,6,54,62,57,2932099
21,2022,6,54,202,193,4494141
22,2022,6,54,212,197,4657305
23,2022,6,54,64,62,1357046
24,2022,6,54,201,102,6148545
25,2022,6,54,228,212,6991852
26,2022,6,54,239,195,10062512
27,2022,6,54,121,107,5670472
28,2022,6,54,56,51,2967023
29,2022,6,54,178,163,6141534
30,2022,6,54,4,4,1077978
31,2022,6,54,30,27,1951480
32,2022,6,54,96,89,3059238
33,2022,6,54,45,42,1372175
34,2022,6,54,235,223,9234024
35,2022,6,54,83,75,2109366
36,2022,6,54,546,499,20114745
37,2022,6,54,372,357,10367022
38,2022,6,54,15,14,773344
39,2022,6,54,411,397,11769923
40,2022,6,54,105,100,3948136
41,2022,6,54,97,84,4207177
42,2022,6,54,438,421,12970650
44,2022,6,54,37,34,1091949
45,2022,6,54,192,186,5078903
46,2022,6,54,4,4,881785
47,2022,6,54,293,281,6859497
48,2022,6,54,473,448,28862581
49,2022,6,54,45,35,3231370
50,2022,6,54,18,15,641637
51,2022,6,54,201,186,8582479
53,2022,6,54,202,189,7617364
54,2022,6,54,101,99,1801049
55,2022,6,54,149,137,5871661
56,2022,6,54,5,5,576641
11,2022,6,54,46,46,683154
1,2023,6,66,136,125,4997675
2,2023,6,66,29,26,735951
4,2023,6,66,189,177,7079203
5,2023,6,66,40,37,3006309
6,2023,6,66,932,880,39455353
8,2023,6,66,161,148,5723176
9,2023,6,66,110,104,3605330
10,2023,6,66,42,38,981892
12,2023,6,66,598,558,21339762
13,2023,6,66,204,193,10625615
15,2023,6,66,39,37,1453498
16,2023,6,66,34,28,1811617
17,2023,6,66,300,285,12821813
18,2023,6,66,168,149,6751340
19,2023,6,66,38,29,3179090
20,2023,6,66,69,64,2932099
21,2023,6,66,168,160,4494141
22,2023,6,66,206,191,4657305
23,2023,6,66,56,53,1357046
24,2023,6,66,222,122,6148545
25,2023,6,66,214,197,6991852
26,2023,6,66,221,186,10062512
27,2023,6,66,131,117,5670472
28,2023,6,66,55,52,2967023
29,2023,6,66,150,135,6141534
30,2023,6,66,19,16,1077978
31,2023,6,66,13,10,1951480
32,2023,6,66,91,88,3059238
33,2023,6,66,35,33,1372175
34,2023,6,66,232,223,9234024
35,2023,6,66,100,96,2109366
36,2023,6,66,557,526,20114745
37,2023,6,66,222,209,10367022
38,2023,6,66,16,13,773344
39,2023,6,66,403,383,11769923
40,2023,6,66,89,84,3948136
41,2023,6,66,160,148,4207177
42,2023,6,66,387,357,12970650
44,2023,6,66,31,30,1091949
45,2023,6,66,210,206,5078903
46,2023,6,66,2,2,881785
47,2023,6,66,298,296,6859497
48,2023,6,66,477,447,28862581
49,2023,6,66,63,55,3231370
50,2023,6,66,17,16,641637
51,2023,6,66,232,218,8582479
53,2023,6,66,286,268,7617364
54,2023,6,66,108,107,1801049
55,2023,6,66,155,143,5871661
56,2023,6,66,11,10,576641
11,2023,6,66,50,49,683154
1,2018,7,7,66,58,4864680
2,2018,7,7,3,1,738516
4,2018,7,7,191,169,6946685
5,2018,7,7,40,30,2990671
6,2018,7,7,476,421,39148760
8,2018,7,7,92,74,5531141
9,2018,7,7,98,92,3581504
10,2018,7,7,32,30,949495
12,2018,7,7,405,365,20598139
13,2018,7,7,119,106,10297484
15,2018,7,7,19,19,1422029
16,2018,7,7,28,24,1687809
17,2018,7,7,246,223,12821497
18,2018,7,7,150,134,6637426
19,2018,7,7,22,15,3132499
20,2018,7,7,34,28,2908776
21,2018,7,7,104,97,4440204
22,2018,7,7,85,74,4663616
23,2018,7,7,36,32,1332813
24,2018,7,7,170,32,6003435
25,2018,7,7,205,194,6830193
26,2018,7,7,250,208,9957488
27,2018,7,7,56,46,5527358
28,2018,7,7,28,26,2988762
29,2018,7,7,144,127,6090062
30,2018,7,7,7,7,1041732
31,2018,7,7,11,9,1904760
32,2018,7,7,90,83,2922849
33,2018,7,7,54,51,1343622
34,2018,7,7,236,221,8881845
35,2018,7,7,45,36,2092434
36,2018,7,7,322,280,19618453
37,2018,7,7,178,162,10155624
38,2018,7,7,6,2,752201
39,2018,7,7,363,345,11641879
40,2018,7,7,51,45,3918137
41,2018,7,7,41,32,4081943
42,2018,7,7,396,366,12791181
44,2018,7,7,25,23,1056611
45,2018,7,7,93,88,4955925
46,2018,7,7,9,9,864289
47,2018,7,7,163,149,6651089
48,2018,7,7,278,245,27885195
49,2018,7,7,57,49,3045350
50,2018,7,7,15,11,624977
51,2018,7,7,118,106,8413774
53,2018,7,7,93,76,7294336
54,2018,7,7,78,76,1829054
55,2018,7,7,81,67,5778394
56,2018,7,7,8,3,581836
11,2018,7,7,26,26,684498
1,2019,7,19,61,58,4876250
2,2019,7,19,5,5,737068
4,2019,7,19,219,205,7050299
5,2019,7,19,26,23,2999370
6,2019,7,19,539,497,39283497
8,2019,7,19,92,71,5610349
9,2019,7,19,126,119,3575074
10,2019,7,19,39,39,957248
12,2019,7,19,454,406,20901636
13,2019,7,19,109,100,10403847
15,2019,7,19,19,15,1422094
16,2019,7,19,12,12,1717750
17,2019,7,19,219,206,12770631
18,2019,7,19,163,142,6665703
19,2019,7,19,36,27,3139508
20,2019,7,19,36,30,2910652
21,2019,7,19,109,104,4449052
22,2019,7,19,92,80,4664362
23,2019,7,19,30,23,1335492
24,2019,7,19,192,52,6018848
25,2019,7,19,189,178,6850553
26,2019,7,19,205,171,9965265
27,2019,7,19,69,58,5563378
28,2019,7,19,36,34,2984418
29,2019,7,19,141,125,6104910
30,2019,7,19,19,16,1050649
31,2019,7,19,13,11,1914571
32,2019,7,19,76,71,2972382
33,2019,7,19,24,21,1348124
34,2019,7,19,247,229,8878503
35,2019,7,19,62,54,2092454
36,2019,7,19,363,319,19572319
37,2019,7,19,181,157,10264876
38,2019,7,19,14,11,756717
39,2019,7,19,377,364,11655397
40,2019,7,19,49,42,3932870
41,2019,7,19,54,48,4129803
42,2019,7,19,373,346,12791530
44,2019,7,19,29,28,1057231
45,2019,7,19,91,84,5020806
46,2019,7,19,4,4,870638
47,2019,7,19,183,174,6709356
48,2019,7,19,280,259,28260856
49,2019,7,19,50,44,3096848
50,2019,7,19,11,11,624313
51,2019,7,19,107,96,8454463
53,2019,7,19,106,92,7404107
54,2019,7,19,84,82,1817305
55,2019,7,19,106,95,5790716
56,2019,7,19,8,8,581024
11,2019,7,19,28,28,692683
1,2020,7,31,78,71,4893186
2,2020,7,31,12,10,736990
4,2020,7,31,319,296,7174064
5,2020,7,31,51,40,3011873
6,2020,7,31,890,850,39346023
8,2020,7,31,147,122,5684926
9,2020,7,31,140,133,3570549
10,2020,7,31,40,39,967679
12,2020,7,31,669,623,21216924
13,2020,7,31,184,175,10516579
15,2020,7,31,23,19,1420074
16,2020,7,31,30,25,1754367
17,2020,7,31,293,272,12716164
18,2020,7,31,211,181,6696893
19,2020,7,31,32,29,3150011
20,2020,7,31,52,46,2912619
21,2020,7,31,190,184,4461952
22,2020,7,31,173,156,4664616
23,2020,7,31,42,38,1340825
24,2020,7,31,229,80,6037624
25,2020,7,31,211,196,6873003
26,2020,7,31,240,189,9973907
27,2020,7,31,86,79,5600166
28,2020,7,31,47,45,2981835
29,2020,7,31,162,149,6124160
30,2020,7,31,13,10,1061705
31,2020,7,31,13,10,1923826
32,2020,7,31,91,84,3030281
33,2020,7,31,40,37,1355244
34,2020,7,31,224,215,8885418
35,2020,7,31,65,63,2097021
36,2020,7,31,445,417,19514849
37,2020,7,31,290,269,10386227
38,2020,7,31,10,6,760394
39,2020,7,31,486,476,11675275
40,2020,7,31,73,67,3949342
41,2020,7,31,69,57,4176346
42,2020,7,31,480,456,12794885
44,2020,7,31,42,40,1057798
45,2020,7,31,156,149,5091517
46,2020,7,31,9,3,879336
47,2020,7,31,279,260,6772268
48,2020,7,31,412,375,28635442
49,2020,7,31,77,64,3151239
50,2020,7,31,16,14,624340
51,2020,7,31,209,194,8509358
53,2020,7,31,148,134,7512465
54,2020,7,31,107,105,1807426
55,2020,7,31,129,122,5806975
56,2020,7,31,10,8,581348
11,2020,7,31,34,33,701974
1,2021,7,43,105,98,4997675
2,2021,7,43,21,20,735951
4,2021,7,43,281,261,7079203
5,2021,7,43,40,31,3006309
6,2021,7,43,985,950,39455353
8,2021,7,43,172,149,5723176
9,2021,7,43,150,143,3605330
10,2021,7,43,33,32,981892
12,2021,7,43,674,632,21339762
13,2021,7,43,177,164,10625615
15,2021,7,43,40,33,1453498
16,2021,7,43,36,30,1811617
17,2021,7,43,355,344,12821813
18,2021,7,43,231,215,6751340
19,2021,7,43,46,42,3179090
20,2021,7,43,61,57,2932099
21,2021,7,43,195,189,4494141
22,2021,7,43,245,219,4657305
23,2021,7,43,42,42,1357046
24,2021,7,43,251,87,6148545
25,2021,7,43,212,202,6991852
26,2021,7,43,249,215,10062512
27,2021,7,43,121,109,5670472
28,2021,7,43,68,64,2967023
29,2021,7,43,175,162,6141534
30,2021,7,43,18,17,1077978
31,2021,7,43,16,13,1951480
32,2021,7,43,126,122,3059238
33,2021,7,43,37,34,1372175
34,2021,7,43,254,246,9234024
35,2021,7,43,106,99,2109366
36,2021,7,43,495,454,20114745
37,2021,7,43,349,337,10367022
38,2021,7,43,9,9,773344
39,2021,7,43,496,478,11769923
40,2021,7,43,79,67,3948136
41,2021,7,43,104,94,4207177
42,2021,7,43,508,476,12970650
44,2021,7,43,30,28,1091949
45,2021,7,43,186,178,5078903
46,2021,7,43,10,1,881785
47,2021,7,43,306,300,6859497
48,2021,7,43,430,405,28862581
49,2021,7,43,66,56,3231370
50,2021,7,43,28,24,641637
51,2021,7,43,195,188,8582479
53,2021,7,43,209,192,7617364
54,2021,7,43,115,114,1801049
55,2021,7,43,157,138,5871661
56,2021,7,43,7,4,576641
11,2021,7,43,52,52,683154
1,2022,7,55,144,140,4997675
2,2022,7,55,20,18,735951
4,2022,7,55,373,336,7079203
5,2022,7,55,52,47,3006309
6,2022,7,55,985,934,39455353
8,2022,7,55,154,135,5723176
9,2022,7,55,122,113,3605330
10,2022,7,55,39,34,981892
12,2022,7,55,702,649,21339762
13,2022,7,55,221,207,10625615
15,2022,7,55,30,26,1453498
16,2022,7,55,32,24,1811617
17,2022,7,55,293,281,12821813
18,2022,7,55,253,230,6751340
19,2022,7,55,33,22,3179090
20,2022,7,55,68,61,2932099
21,2022,7,55,203,190,4494141
22,2022,7,55,198,182,4657305
23,2022,7,55,66,62,1357046
24,2022,7,55,209,98,6148545
25,2022,7,55,241,223,6991852
26,2022,7,55,256,210,10062512
27,2022,7,55,110,104,5670472
28,2022,7,55,49,43,2967023
29,2022,7,55,192,176,6141534
30,2022,7,55,15,13,1077978
31,2022,7,55,18,16,1951480
32,2022,7,55,115,107,3059238
33,2022,7,55,42,41,1372175
34,2022,7,55,222,216,9234024
35,2022,7,55,79,71,2109366
36,2022,7,55,574,531,20114745
37,2022,7,55,315,298,10367022
38,2022,7,55,13,10,773344
39,2022,7,55,455,434,11769923
40,2022,7,55,109,103,3948136
41,2022,7,55,111,101,4207177
42,2022,7,55,460,436,12970650
44,2022,7,55,20,20,1091949
45,2022,7,55,213,206,5078903
46,2022,7,55,3,3,881785
47,2022,7,55,336,327,6859497
48,2022,7,55,515,481,28862581
49,2022,7,55,45,38,3231370
50,2022,7,55,35,32,641637
51,2022,7,55,202,196,8582479
53,2022,7,55,241,225,7617364
54,2022,7,55,128,122,1801049
55,2022,7,55,152,143,5871661
56,2022,7,55,6,2,576641
11,2022,7,55,43,42,683154
1,2023,7,67,155,139,4997675
2,2023,7,67,20,19,735951
4,2023,7,67,385,360,7079203
5,2023,7,67,42,40,3006309
6,2023,7,67,1108,1063,39455353
8,2023,7,67,171,150,5723176
9,2023,7,67,117,109,3605330
10,2023,7,67,57,56,981892
12,2023,7,67,671,621,21339762
13,2023,7,67,207,193,10625615
15,2023,7,67,36,32,1453498
16,2023,7,67,30,27,1811617
17,2023,7,67,252,235,12821813
18,2023,7,67,200,181,6751340
19,2023,7,67,46,39,3179090
20,2023,7,67,56,51,2932099
21,2023,7,67,164,151,4494141
22,2023,7,67,198,183,4657305
23,2023,7,67,48,44,1357046
24,2023,7,67,211,112,6148545
25,2023,7,67,194,182,6991852
26,2023,7,67,245,182,10062512
27,2023,7,67,105,97,5670472
28,2023,7,67,47,44,2967023
29,2023,7,67,151,139,6141534
30,2023,7,67,12,12,1077978
31,2023,7,67,20,17,1951480
32,2023,7,67,127,123,3059238
33,2023,7,67,39,38,1372175
34,2023,7,67,224,213,9234024
35,2023,7,67,99,94,2109366
36,2023,7,67,530,496,20114745
37,2023,7,67,247,230,10367022
38,2023,7,67,11,10,773344
39,2023,7,67,437,413,11769923
40,2023,7,67,99,92,3948136
41,2023,7,67,188,176,4207177
42,2023,7,67,414,389,12970650
44,2023,7,67,36,33,1091949
45,2023,7,67,169,162,5078903
46,2023,7,67,7,2,881785
47,2023,7,67,268,257,6859497
48,2023,7,67,523,497,28862581
49,2023,7,67,38,33,3231370
50,2023,7,67,23,22,641637
51,2023,7,67,213,207,8582479
53,2023,7,67,320,308,7617364
54,2023,7,67,118,117,1801049
55,2023,7,67,165,154,5871661
56,2023,7,67,3,3,576641
11,2023,7,67,49,47,683154
1,2018,8,8,54,45,4864680
2,2018,8,8,11,2,738516
4,2018,8,8,161,144,6946685
5,2018,8,8,46,36,2990671
6,2018,8,8,482,435,39148760
8,2018,8,8,83,69,5531141
9,2018,8,8,80,73,3581504
10,2018,8,8,47,45,949495
12,2018,8,8,385,338,20598139
13,2018,8,8,114,94,10297484
15,2018,8,8,16,13,1422029
16,2018,8,8,16,10,1687809
17,2018,8,8,201,190,12821497
18,2018,8,8,135,116,6637426
19,2018,8,8,20,13,3132499
20,2018,8,8,30,24,2908776
21,2018,8,8,124,119,4440204
22,2018,8,8,84,67,4663616
23,2018,8,8,32,29,1332813
24,2018,8,8,167,41,6003435
25,2018,8,8,185,177,6830193
26,2018,8,8,208,171,9957488
27,2018,8,8,48,43,5527358
28,2018,8,8,32,32,2988762
29,2018,8,8,153,138,6090062
30,2018,8,8,10,3,1041732
31,2018,8,8,3,1,1904760
32,2018,8,8,78,67,2922849
33,2018,8,8,35,32,1343622
34,2018,8,8,271,254,8881845
35,2018,8,8,50,44,2092434
36,2018,8,8,327,297,19618453
37,2018,8,8,189,171,10155624
38,2018,8,8,7,7,752201
39,2018,8,8,376,366,11641879
40,2018,8,8,63,49,3918137
41,2018,8,8,45,35,4081943
42,2018,8,8,387,352,12791181
44,2018,8,8,27,26,1056611
45,2018,8,8,83,77,4955925
46,2018,8,8,8,1,864289
47,2018,8,8,151,140,6651089
48,2018,8,8,279,247,27885195
49,2018,8,8,60,47,3045350
50,2018,8,8,1,1,624977
51,2018,8,8,144,132,8413774
53,2018,8,8,104,84,7294336
54,2018,8,8,89,85,1829054
55,2018,8,8,97,85,5778394
56,2018,8,8,8,8,581836
11,2018,8,8,23,23,684498
1,2019,8,20,70,62,4876250
2,2019,8,20,9,9,737068
4,2019,8,20,178,153,7050299
5,2019,8,20,21,16,2999370
6,2019,8,20,589,522,39283497
8,2019,8,20,92,78,5610349
9,2019,8,20,132,129,3575074
10,2019,8,20,41,39,957248
12,2019,8,20,434,396,20901636
13,2019,8,20,143,128,10403847
15,2019,8,20,25,21,1422094
16,2019,8,20,11,3,1717750
17,2019,8,20,252,226,12770631
18,2019,8,20,140,125,6665703
19,2019,8,20,29,25,3139508
20,2019,8,20,26,22,2910652
21,2019,8,20,89,79,4449052
22,2019,8,20,123,115,4664362
23,2019,8,20,40,38,1335492
24,2019,8,20,214,29,6018848
25,2019,8,20,182,170,6850553
26,2019,8,20,166,130,9965265
27,2019,8,20,67,47,5563378
28,2019,8,20,29,26,2984418
29,2019,8,20,162,152,6104910
30,2019,8,20,15,3,1050649
31,2019,8,20,11,5,1914571
32,2019,8,20,69,53,2972382
33,2019,8,20,27,26,1348124
34,2019,8,20,282,271,8878503
35,2019,8,20,47,43,2092454
36,2019,8,20,313,283,19572319
37,2019,8,20,166,157,10264876
38,2019,8,20,7,7,756717
39,2019,8,20,345,329,11655397
40,2019,8,20,51,43,3932870
41,2019,8,20,53,44,4129803
42,2019,8,20,407,375,12791530
44,2019,8,20,23,22,1057231
45,2019,8,20,109,105,5020806
46,2019,8,20,11,1,870638
47,2019,8,20,163,155,6709356
48,2019,8,20,297,256,28260856
49,2019,8,20,41,34,3096848
50,2019,8,20,16,13,624313
51,2019,8,20,129,113,8454463
53,2019,8,20,116,97,7404107
54,2019,8,20,78,78,1817305
55,2019,8,20,110,102,5790716
56,2019,8,20,6,6,581024
11,2019,8,20,34,32,692683
1,2020,8,32,85,77,4893186
2,2020,8,32,10,8,736990
4,2020,8,32,285,262,7174064
5,2020,8,32,42,32,3011873
6,2020,8,32,994,943,39346023
8,2020,8,32,155,140,5684926
9,2020,8,32,95,93,3570549
10,2020,8,32,39,39,967679
12,2020,8,32,642,615,21216924
13,2020,8,32,152,140,10516579
15,2020,8,32,21,20,1420074
16,2020,8,32,20,20,1754367
17,2020,8,32,295,277,12716164
18,2020,8,32,173,159,6696893
19,2020,8,32,27,22,3150011
20,2020,8,32,41,37,2912619
21,2020,8,32,175,171,4461952
22,2020,8,32,173,162,4664616
23,2020,8,32,38,37,1340825
24,2020,8,32,244,81,6037624
25,2020,8,32,170,157,6873003
26,2020,8,32,209,174,9973907
27,2020,8,32,107,101,5600166
28,2020,8,32,58,56,2981835
29,2020,8,32,151,144,6124160
30,2020,8,32,13,11,1061705
31,2020,8,32,22,19,1923826
32,2020,8,32,102,94,3030281
33,2020,8,32,21,20,1355244
34,2020,8,32,242,231,8885418
35,2020,8,32,87,84,2097021
36,2020,8,32,432,399,19514849
37,2020,8,32,285,265,10386227
38,2020,8,32,8,4,760394
39,2020,8,32,400,381,11675275
40,2020,8,32,67,59,3949342
41,2020,8,32,72,63,4176346
42,2020,8,32,443,413,12794885
44,2020,8,32,40,38,1057798
45,2020,8,32,159,153,5091517
46,2020,8,32,7,7,879336
47,2020,8,32,263,258,6772268
48,2020,8,32,437,401,28635442
49,2020,8,32,63,53,3151239
50,2020,8,32,18,17,624340
51,2020,8,32,196,186,8509358
53,2020,8,32,147,132,7512465
54,2020,8,32,104,101,1807426
55,2020,8,32,127,116,5806975
56,2020,8,32,6,6,581348
11,2020,8,32,53,52,701974
1,2021,8,44,113,109,4997675
2,2021,8,44,26,21,735951
4,2021,8,44,281,262,7079203
5,2021,8,44,58,51,3006309
6,2021,8,44,1007,964,39455353
8,2021,8,44,177,161,5723176
9,2021,8,44,143,140,3605330
10,2021,8,44,41,40,981892
12,2021,8,44,684,647,21339762
13,2021,8,44,194,179,10625615
15,2021,8,44,17,16,1453498
16,2021,8,44,26,23,1811617
17,2021,8,44,331,307,12821813
18,2021,8,44,239,214,6751340
19,2021,8,44,43,35,3179090
20,2021,8,44,77,66,2932099
21,2021,8,44,203,194,4494141
22,2021,8,44,211,195,4657305
23,2021,8,44,49,46,1357046
24,2021,8,44,197,73,6148545
25,2021,8,44,232,222,6991852
26,2021,8,44,269,214,10062512
27,2021,8,44,132,122,5670472
28,2021,8,44,56,55,2967023
29,2021,8,44,194,180,6141534
30,2021,8,44,21,19,1077978
31,2021,8,44,36,33,1951480
32,2021,8,44,80,73,3059238
33,2021,8,44,37,36,1372175
34,2021,8,44,266,250,9234024
35,2021,8,44,106,99,2109366
36,2021,8,44,547,513,20114745
37,2021,8,44,317,307,10367022
38,2021,8,44,11,8,773344
39,2021,8,44,446,428,11769923
40,2021,8,44,97,89,3948136
41,2021,8,44,96,90,4207177
42,2021,8,44,446,428,12970650
44,2021,8,44,44,42,1091949
45,2021,8,44,180,172,5078903
46,2021,8,44,10,5,881785
47,2021,8,44,330,316,6859497
48,2021,8,44,425,400,28862581
49,2021,8,44,51,43,3231370
50,2021,8,44,20,16,641637
51,2021,8,44,221,209,8582479
53,2021,8,44,218,205,7617364
54,2021,8,44,139,136,1801049
55,2021,8,44,149,134,5871661
56,2021,8,44,12,11,576641
11,2021,8,44,43,43,683154
1,2022,8,56,131,123,4997675
2,2022,8,56,20,19,735951
4,2022,8,56,241,223,7079203
5,2022,8,56,52,43,3006309
6,2022,8,56,990,937,39455353
8,2022,8,56,154,143,5723176
9,2022,8,56,118,111,3605330
10,2022,8,56,49,49,981892
12,2022,8,56,653,612,21339762
13,2022,8,56,214,196,10625615
15,2022,8,56,24,21,1453498
16,2022,8,56,33,29,1811617
17,2022,8,56,316,302,12821813
18,2022,8,56,236,223,6751340
19,2022,8,56,43,33,3179090
20,2022,8,56,67,56,2932099
21,2022,8,56,191,185,4494141
22,2022,8,56,183,168,4657305
23,2022,8,56,64,61,1357046
24,2022,8,56,189,89,6148545
25,2022,8,56,210,194,6991852
26,2022,8,56,242,195,10062512
27,2022,8,56,120,115,5670472
28,2022,8,56,53,52,2967023
29,2022,8,56,187,173,6141534
30,2022,8,56,17,16,1077978
31,2022,8,56,17,15,1951480
32,2022,8,56,78,69,3059238
33,2022,8,56,36,35,1372175
34,2022,8,56,261,254,9234024
35,2022,8,56,70,64,2109366
36,2022,8,56,549,507,20114745
37,2022,8,56,377,362,10367022
38,2022,8,56,14,12,773344
39,2022,8,56,444,418,11769923
40,2022,8,56,98,91,3948136
41,2022,8,56,115,105,4207177
42,2022,8,56,445,419,12970650
44,2022,8,56,31,27,1091949
45,2022,8,56,189,180,5078903
46,2022,8,56,5,5,881785
47,2022,8,56,286,269,6859497
48,2022,8,56,477,447,28862581
49,2022,8,56,53,44,3231370
50,2022,8,56,23,21,641637
51,2022,8,56,229,223,8582479
53,2022,8,56,254,238,7617364
54,2022,8,56,111,107,1801049
55,2022,8,56,145,126,5871661
56,2022,8,56,7,3,576641
11,2022,8,56,46,45,683154
1,2023,8,68,117,110,4997675
2,2023,8,68,29,26,735951
4,2023,8,68,266,252,7079203
5,2023,8,68,51,43,3006309
6,2023,8,68,999,960,39455353
8,2023,8,68,173,145,5723176
9,2023,8,68,105,98,3605330
10,2023,8,68,46,44,981892
12,2023,8,68,630,589,21339762
13,2023,8,68,210,201,10625615
15,2023,8,68,42,39,1453498
16,2023,8,68,23,21,1811617
17,2023,8,68,309,291,12821813
18,2023,8,68,208,188,6751340
19,2023,8,68,36,32,3179090
20,2023,8,68,50,40,2932099
21,2023,8,68,182,176,4494141
22,2023,8,68,211,192,4657305
23,2023,8,68,40,37,1357046
24,2023,8,68,198,127,6148545
25,2023,8,68,204,198,6991852
26,2023,8,68,238,200,10062512
27,2023,8,68,110,106,5670472
28,2023,8,68,56,53,2967023
29,2023,8,68,182,171,6141534
30,2023,8,68,11,10,1077978
31,2023,8,68,16,14,1951480
32,2023,8,68,125,118,3059238
33,2023,8,68,31,31,1372175
34,2023,8,68,249,241,9234024
35,2023,8,68,90,88,2109366
36,2023,8,68,574,535,20114745
37,2023,8,68,222,209,10367022
38,2023,8,68,11,11,773344
39,2023,8,68,418,387,11769923
40,2023,8,68,100,96,3948136
41,2023,8,68,170,162,4207177
42,2023,8,68,352,332,12970650
44,2023,8,68,27,26,1091949
45,2023,8,68,174,167,5078903
46,2023,8,68,6,6,881785
47,2023,8,68,325,317,6859497
48,2023,8,68,583,551,28862581
49,2023,8,68,53,44,3231370
50,2023,8,68,27,25,641637
51,2023,8,68,205,191,8582479
53,2023,8,68,276,261,7617364
54,2023,8,68,121,119,1801049
55,2023,8,68,139,122,5871661
56,2023,8,68,8,5,576641
11,2023,8,68,53,53,683154
1,2018,9,9,64,57,4864680
2,2018,9,9,6,6,738516
4,2018,9,9,116,103,6946685
5,2018,9,9,27,24,2990671
6,2018,9,9,470,426,39148760
8,2018,9,9,66,56,5531141
9,2018,9,9,95,90,3581504
10,2018,9,9,37,37,949495
12,2018,9,9,388,340,20598139
13,2018,9,9,113,100,10297484
15,2018,9,9,21,17,1422029
16,2018,9,9,14,10,1687809
17,2018,9,9,219,203,12821497
18,2018,9,9,130,117,6637426
19,2018,9,9,28,24,3132499
20,2018,9,9,28,24,2908776
21,2018,9,9,106,101,4440204
22,2018,9,9,90,79,4663616
23,2018,9,9,25,22,1332813
24,2018,9,9,173,30,6003435
25,2018,9,9,165,155,6830193
26,2018,9,9,196,164,9957488
27,2018,9,9,49,40,5527358
28,2018,9,9,25,21,2988762
29,2018,9,9,140,127,6090062
30,2018,9,9,11,2,1041732
31,2018,9,9,9,1,1904760
32,2018,9,9,54,46,2922849
33,2018,9,9,35,32,1343622
34,2018,9,9,237,227,8881845
35,2018,9,9,46,39,2092434
36,2018,9,9,274,240,19618453
37,2018,9,9,204,184,10155624
38,2018,9,9,8,8,752201
39,2018,9,9,367,346,11641879
40,2018,9,9,48,41,3918137
41,2018,9,9,42,34,4081943
42,2018,9,9,365,340,12791181
44,2018,9,9,25,24,1056611
45,2018,9,9,80,76,4955925
46,2018,9,9,5,3,864289
47,2018,9,9,146,137,6651089
48,2018,9,9,258,237,27885195
49,2018,9,9,43,38,3045350
50,2018,9,9,15,11,624977
51,2018,9,9,146,130,8413774
53,2018,9,9,100,81,7294336
54,2018,9,9,66,63,1829054
55,2018,9,9,86,75,5778394
56,2018,9,9,7,7,581836
11,2018,9,9,29,29,684498
1,2019,9,21,51,44,4876250
2,2019,9,21,12,11,737068
4,2019,9,21,183,168,7050299
5,2019,9,21,26,22,2999370
6,2019,9,21,520,482,39283497
8,2019,9,21,87,69,5610349
9,2019,9,21,97,87,3575074
10,2019,9,21,33,33,957248
12,2019,9,21,485,436,20901636
13,2019,9,21,112,96,10403847
15,2019,9,21,20,15,1422094
16,2019,9,21,23,20,1717750
17,2019,9,21,250,227,12770631
18,2019,9,21,139,122,6665703
19,2019,9,21,38,34,3139508
20,2019,9,21,33,27,2910652
21,2019,9,21,101,95,4449052
22,2019,9,21,114,105,4664362
23,2019,9,21,29,26,1335492
24,2019,9,21,187,42,6018848
25,2019,9,21,168,158,6850553
26,2019,9,21,199,156,9965265
27,2019,9,21,61,52,5563378
28,2019,9,21,30,23,2984418
29,2019,9,21,148,140,6104910
30,2019,9,21,10,2,1050649
31,2019,9,21,14,5,1914571
32,2019,9,21,59,43,2972382
33,2019,9,21,36,32,1348124
34,2019,9,21,218,209,8878503
35,2019,9,21,55,48,2092454
36,2019,9,21,274,248,19572319
37,2019,9,21,193,176,10264876
38,2019,9,21,8,7,756717
39,2019,9,21,355,334,11655397
40,2019,9,21,69,59,3932870
41,2019,9,21,52,42,4129803
42,2019,9,21,355,331,12791530
44,2019,9,21,18,17,1057231
45,2019,9,21,105,92,5020806
46,2019,9,21,10,2,870638
47,2019,9,21,180,166,6709356
48,2019,9,21,238,213,28260856
49,2019,9,21,46,34,3096848
50,2019,9,21,9,9,624313
51,2019,9,21,124,110,8454463
53,2019,9,21,107,94,7404107
54,2019,9,21,62,59,1817305
55,2019,9,21,101,92,5790716
56,2019,9,21,9,8,581024
11,2019,9,21,37,37,692683
1,2020,9,33,70,62,4893186
2,2020,9,33,13,11,736990
4,2020,9,33,188,172,7174064
5,2020,9,33,37,30,3011873
6,2020,9,33,772,728,39346023
8,2020,9,33,128,109,5684926
9,2020,9,33,125,114,3570549
10,2020,9,33,36,35,967679
12,2020,9,33,657,626,21216924
13,2020,9,33,139,132,10516579
15,2020,9,33,29,27,1420074
16,2020,9,33,24,20,1754367
17,2020,9,33,286,272,12716164
18,2020,9,33,175,162,6696893
19,2020,9,33,44,34,3150011
20,2020,9,33,35,26,2912619
21,2020,9,33,167,162,4461952
22,2020,9,33,165,150,4664616
23,2020,9,33,37,34,1340825
24,2020,9,33,243,82,6037624
25,2020,9,33,172,163,6873003
26,2020,9,33,202,179,9973907
27,2020,9,33,79,74,5600166
28,2020,9,33,36,35,2981835
29,2020,9,33,140,126,6124160
30,2020,9,33,15,12,1061705
31,2020,9,33,23,19,1923826
32,2020,9,33,51,48,3030281
33,2020,9,33,32,30,1355244
34,2020,9,33,223,215,8885418
35,2020,9,33,71,67,2097021
36,2020,9,33,389,345,19514849
37,2020,9,33,228,222,10386227
38,2020,9,33,13,12,760394
39,2020,9,33,438,414,11675275
40,2020,9,33,50,46,3949342
41,2020,9,33,63,52,4176346
42,2020,9,33,435,416,12794885
44,2020,9,33,33,31,1057798
45,2020,9,33,145,139,5091517
46,2020,9,33,8,3,879336
47,2020,9,33,244,227,6772268
48,2020,9,33,335,310,28635442
49,2020,9,33,42,36,3151239
50,2020,9,33,13,11,624340
51,2020,9,33,183,175,8509358
53,2020,9,33,125,114,7512465
54,2020,9,33,126,121,1807426
55,2020,9,33,126,111,5806975
56,2020,9,33,12,10,581348
11,2020,9,33,38,38,701974
1,2021,9,45,124,120,4997675
2,2021,9,45,18,16,735951
4,2021,9,45,222,204,7079203
5,2021,9,45,52,46,3006309
6,2021,9,45,944,886,39455353
8,2021,9,45,173,162,5723176
9,2021,9,45,140,130,3605330
10,2021,9,45,29,28,981892
12,2021,9,45,646,611,21339762
13,2021,9,45,207,194,10625615
15,2021,9,45,20,15,1453498
16,2021,9,45,33,28,1811617
17,2021,9,45,304,275,12821813
18,2021,9,45,264,245,6751340
19,2021,9,45,33,23,3179090
20,2021,9,45,62,56,2932099
21,2021,9,45,214,204,4494141
22,2021,9,45,232,222,4657305
23,2021,9,45,57,53,1357046
24,2021,9,45,208,83,6148545
25,2021,9,45,209,201,6991852
26,2021,9,45,245,208,10062512
27,2021,9,45,106,96,5670472
28,2021,9,45,56,54,2967023
29,2021,9,45,173,164,6141534
30,2021,9,45,16,16,1077978
31,2021,9,45,16,15,1951480
32,2021,9,45,66,61,3059238
33,2021,9,45,44,38,1372175
34,2021,9,45,260,248,9234024
35,2021,9,45,82,77,2109366
36,2021,9,45,494,457,20114745
37,2021,9,45,307,289,10367022
38,2021,9,45,12,11,773344
39,2021,9,45,441,422,11769923
40,2021,9,45,81,78,3948136
41,2021,9,45,108,93,4207177
42,2021,9,45,451,429,12970650
44,2021,9,45,38,36,1091949
45,2021,9,45,206,197,5078903
46,2021,9,45,7,7,881785
47,2021,9,45,328,321,6859497
48,2021,9,45,420,388,28862581
49,2021,9,45,50,42,3231370
50,2021,9,45,26,23,641637
51,2021,9,45,224,216,8582479
53,2021,9,45,185,179,7617364
54,2021,9,45,109,105,1801049
55,2021,9,45,140,130,5871661
56,2021,9,45,5,5,576641
11,2021,9,45,45,43,683154
1,2022,9,57,122,113,4997675
2,2022,9,57,14,14,735951
4,2022,9,57,220,193,7079203
5,2022,9,57,32,30,3006309
6,2022,9,57,1019,964,39455353
8,2022,9,57,145,133,5723176
9,2022,9,57,131,127,3605330
10,2022,9,57,44,43,981892
12,2022,9,57,612,577,21339762
13,2022,9,57,223,213,10625615
15,2022,9,57,34,32,1453498
16,2022,9,57,31,27,1811617
17,2022,9,57,308,290,12821813
18,2022,9,57,209,184,6751340
19,2022,9,57,30,25,3179090
20,2022,9,57,63,57,2932099
21,2022,9,57,158,146,4494141
22,2022,9,57,192,171,4657305
23,2022,9,57,54,53,1357046
24,2022,9,57,188,90,6148545
25,2022,9,57,209,198,6991852
26,2022,9,57,232,204,10062512
27,2022,9,57,107,98,5670472
28,2022,9,57,67,63,2967023
29,2022,9,57,191,173,6141534
30,2022,9,57,13,13,1077978
31,2022,9,57,13,13,1951480
32,2022,9,57,121,116,3059238
33,2022,9,57,37,37,1372175
34,2022,9,57,248,242,9234024
35,2022,9,57,82,78,2109366
36,2022,9,57,521,484,20114745
37,2022,9,57,367,350,10367022
38,2022,9,57,11,6,773344
39,2022,9,57,400,386,11769923
40,2022,9,57,91,88,3948136
41,2022,9,57,101,91,4207177
42,2022,9,57,385,362,12970650
44,2022,9,57,35,34,1091949
45,2022,9,57,180,175,5078903
46,2022,9,57,13,11,881785
47,2022,9,57,338,331,6859497
48,2022,9,57,479,442,28862581
49,2022,9,57,56,39,3231370
50,2022,9,57,18,16,641637
51,2022,9,57,204,192,8582479
53,2022,9,57,206,192,7617364
54,2022,9,57,92,89,1801049
55,2022,9,57,130,121,5871661
56,2022,9,57,14,12,576641
11,2022,9,57,45,43,683154
1,2023,9,69,110,105,4997675
2,2023,9,69,35,32,735951
4,2023,9,69,192,177,7079203
5,2023,9,69,39,36,3006309
6,2023,9,69,865,835,39455353
8,2023,9,69,149,137,5723176
9,2023,9,69,111,107,3605330
10,2023,9,69,39,37,981892
12,2023,9,69,549,521,21339762
13,2023,9,69,190,178,10625615
15,2023,9,69,23,22,1453498
16,2023,9,69,32,26,1811617
17,2023,9,69,273,260,12821813
18,2023,9,69,172,156,6751340
19,2023,9,69,43,36,3179090
20,2023,9,69,50,41,2932099
21,2023,9,69,162,151,4494141
22,2023,9,69,187,173,4657305
23,2023,9,69,53,49,1357046
24,2023,9,69,177,120,6148545
25,2023,9,69,192,179,6991852
26,2023,9,69,219,183,10062512
27,2023,9,69,110,94,5670472
28,2023,9,69,51,48,2967023
29,2023,9,69,155,141,6141534
30,2023,9,69,10,8,1077978
31,2023,9,69,11,11,1951480
32,2023,9,69,105,94,3059238
33,2023,9,69,47,42,1372175
34,2023,9,69,185,178,9234024
35,2023,9,69,67,66,2109366
36,2023,9,69,458,425,20114745
37,2023,9,69,177,171,10367022
38,2023,9,69,7,4,773344
39,2023,9,69,342,325,11769923
40,2023,9,69,99,94,3948136
41,2023,9,69,154,145,4207177
42,2023,9,69,339,313,12970650
44,2023,9,69,32,28,1091949
45,2023,9,69,155,147,5078903
46,2023,9,69,10,1,881785
47,2023,9,69,321,310,6859497
48,2023,9,69,440,415,28862581
49,2023,9,69,59,48,3231370
50,2023,9,69,18,17,641637
51,2023,9,69,169,163,8582479
53,2023,9,69,287,277,7617364
54,2023,9,69,110,108,1801049
55,2023,9,69,130,117,5871661
56,2023,9,69,13,11,576641
11,2023,9,69,47,46,683154
1,2018,10,10,44,40,4864680
2,2018,10,10,8,8,738516
4,2018,10,10,122,108,6946685
5,2018,10,10,29,24,2990671
6,2018,10,10,459,401,39148760
8,2018,10,10,83,65,5531141
9,2018,10,10,84,79,3581504
10,2018,10,10,38,38,949495
12,2018,10,10,394,351,20598139
13,2018,10,10,104,94,10297484
15,2018,10,10,11,5,1422029
16,2018,10,10,17,13,1687809
17,2018,10,10,253,231,12821497
18,2018,10,10,146,130,6637426
19,2018,10,10,20,13,3132499
20,2018,10,10,27,18,2908776
21,2018,10,10,111,106,4440204
22,2018,10,10,86,74,4663616
23,2018,10,10,23,20,1332813
24,2018,10,10,173,35,6003435
25,2018,10,10,164,155,6830193
26,2018,10,10,193,161,9957488
27,2018,10,10,56,49,5527358
28,2018,10,10,22,20,2988762
29,2018,10,10,156,145,6090062
30,2018,10,10,11,4,1041732
31,2018,10,10,9,8,1904760
32,2018,10,10,53,43,2922849
33,2018,10,10,42,38,1343622
34,2018,10,10,270,258,8881845
35,2018,10,10,32,27,2092434
36,2018,10,10,321,295,19618453
37,2018,10,10,192,176,10155624
38,2018,10,10,4,3,752201
39,2018,10,10,328,309,11641879
40,2018,10,10,56,48,3918137
41,2018,10,10,38,24,4081943
42,2018,10,10,362,330,12791181
44,2018,10,10,34,34,1056611
45,2018,10,10,95,92,4955925
46,2018,10,10,8,8,864289
47,2018,10,10,141,133,6651089
48,2018,10,10,223,192,27885195
49,2018,10,10,37,29,3045350
50,2018,10,10,16,16,624977
51,2018,10,10,132,120,8413774
53,2018,10,10,103,91,7294336
54,2018,10,10,72,70,1829054
55,2018,10,10,89,80,5778394
56,2018,10,10,7,2,581836
11,2018,10,10,19,18,684498
1,2019,10,22,68,64,4876250
2,2019,10,22,17,15,737068
4,2019,10,22,170,153,7050299
5,2019,10,22,32,23,2999370
6,2019,10,22,506,463,39283497
8,2019,10,22,98,86,5610349
9,2019,10,22,88,83,3575074
10,2019,10,22,29,29,957248
12,2019,10,22,538,490,20901636
13,2019,10,22,98,81,10403847
15,2019,10,22,23,19,1422094
16,2019,10,22,23,21,1717750
17,2019,10,22,225,209,12770631
18,2019,10,22,170,146,6665703
19,2019,10,22,26,20,3139508
20,2019,10,22,17,14,2910652
21,2019,10,22,122,115,4449052
22,2019,10,22,145,125,4664362
23,2019,10,22,46,43,1335492
24,2019,10,22,188,29,6018848
25,2019,10,22,202,190,6850553
26,2019,10,22,201,168,9965265
27,2019,10,22,70,59,5563378
28,2019,10,22,30,28,2984418
29,2019,10,22,144,128,6104910
30,2019,10,22,6,6,1050649
31,2019,10,22,6,6,1914571
32,2019,10,22,39,33,2972382
33,2019,10,22,37,37,1348124
34,2019,10,22,243,233,8878503
35,2019,10,22,50,44,2092454
36,2019,10,22,323,292,19572319
37,2019,10,22,185,171,10264876
38,2019,10,22,5,5,756717
39,2019,10,22,376,357,11655397
40,2019,10,22,52,41,3932870
41,2019,10,22,40,29,4129803
42,2019,10,22,368,338,12791530
44,2019,10,22,25,24,1057231
45,2019,10,22,97,92,5020806
46,2019,10,22,8,6,870638
47,2019,10,22,187,177,6709356
48,2019,10,22,271,244,28260856
49,2019,10,22,50,38,3096848
50,2019,10,22,7,7,624313
51,2019,10,22,155,146,8454463
53,2019,10,22,101,89,7404107
54,2019,10,22,78,77,1817305
55,2019,10,22,101,87,5790716
56,2019,10,22,8,1,581024
11,2019,10,22,30,30,692683
1,2020,10,34,62,60,4893186
2,2020,10,34,11,1,736990
4,2020,10,34,201,175,7174064
5,2020,10,34,38,30,3011873
6,2020,10,34,760,725,39346023
8,2020,10,34,110,91,5684926
9,2020,10,34,99,95,3570549
10,2020,10,34,28,27,967679
12,2020,10,34,559,527,21216924
13,2020,10,34,144,133,10516579
15,2020,10,34,25,22,1420074
16,2020,10,34,22,16,1754367
17,2020,10,34,242,225,12716164
18,2020,10,34,196,181,6696893
19,2020,10,34,35,28,3150011
20,2020,10,34,37,34,2912619
21,2020,10,34,170,166,4461952
22,2020,10,34,152,140,4664616
23,2020,10,34,34,31,1340825
24,2020,10,34,274,76,6037624
25,2020,10,34,196,192,6873003
26,2020,10,34,226,196,9973907
27,2020,10,34,91,82,5600166
28,2020,10,34,42,40,2981835
29,2020,10,34,161,150,6124160
30,2020,10,34,13,7,1061705
31,2020,10,34,16,15,1923826
32,2020,10,34,80,76,3030281
33,2020,10,34,26,23,1355244
34,2020,10,34,204,194,8885418
35,2020,10,34,69,63,2097021
36,2020,10,34,417,372,19514849
37,2020,10,34,234,220,10386227
38,2020,10,34,9,9,760394
39,2020,10,34,433,419,11675275
40,2020,10,34,73,70,3949342
41,2020,10,34,59,50,4176346
42,2020,10,34,393,361,12794885
44,2020,10,34,26,24,1057798
45,2020,10,34,119,116,5091517
46,2020,10,34,8,1,879336
47,2020,10,34,270,258,6772268
48,2020,10,34,303,280,28635442
49,2020,10,34,53,49,3151239
50,2020,10,34,21,16,624340
51,2020,10,34,199,181,8509358
53,2020,10,34,142,124,7512465
54,2020,10,34,100,98,1807426
55,2020,10,34,111,101,5806975
56,2020,10,34,10,2,581348
11,2020,10,34,34,32,701974
1,2021,10,46,110,105,4997675
2,2021,10,46,26,25,735951
4,2021,10,46,216,197,7079203
5,2021,10,46,46,43,3006309
6,2021,10,46,895,860,39455353
8,2021,10,46,146,126,5723176
9,2021,10,46,115,105,3605330
10,2021,10,46,45,45,981892
12,2021,10,46,672,637,21339762
13,2021,10,46,213,198,10625615
15,2021,10,46,35,33,1453498
16,2021,10,46,26,21,1811617
17,2021,10,46,323,302,12821813
18,2021,10,46,217,197,6751340
19,2021,10,46,30,24,3179090
20,2021,10,46,50,47,2932099
21,2021,10,46,195,188,4494141
22,2021,10,46,187,174,4657305
23,2021,10,46,63,59,1357046
24,2021,10,46,218,80,6148545
25,2021,10,46,224,212,6991852
26,2021,10,46,246,199,10062512
27,2021,10,46,111,102,5670472
28,2021,10,46,59,58,2967023
29,2021,10,46,174,165,6141534
30,2021,10,46,3,3,1077978
31,2021,10,46,16,10,1951480
32,2021,10,46,73,66,3059238
33,2021,10,46,38,37,1372175
34,2021,10,46,275,262,9234024
35,2021,10,46,78,72,2109366
36,2021,10,46,492,462,20114745
37,2021,10,46,311,298,10367022
38,2021,10,46,13,12,773344
39,2021,10,46,447,427,11769923
40,2021,10,46,90,81,3948136
41,2021,10,46,102,94,4207177
42,2021,10,46,440,416,12970650
44,2021,10,46,46,44,1091949
45,2021,10,46,188,180,5078903
46,2021,10,46,10,7,881785
47,2021,10,46,333,321,6859497
48,2021,10,46,341,313,28862581
49,2021,10,46,54,44,3231370
50,2021,10,46,23,19,641637
51,2021,10,46,221,202,8582479
53,2021,10,46,194,188,7617364
54,2021,10,46,115,111,1801049
55,2021,10,46,142,126,5871661
56,2021,10,46,3,3,576641
11,2021,10,46,31,28,683154
1,2022,10,58,135,131,4997675
2,2022,10,58,19,18,735951
4,2022,10,58,207,193,7079203
5,2022,10,58,53,51,3006309
6,2022,10,58,888,842,39455353
8,2022,10,58,155,131,5723176
9,2022,10,58,143,138,3605330
10,2022,10,58,39,39,981892
12,2022,10,58,639,598,21339762
13,2022,10,58,202,191,10625615
15,2022,10,58,19,13,1453498
16,2022,10,58,26,23,1811617
17,2022,10,58,307,288,12821813
18,2022,10,58,240,218,6751340
19,2022,10,58,47,36,3179090
20,2022,10,58,49,46,2932099
21,2022,10,58,209,204,4494141
22,2022,10,58,186,172,4657305
23,2022,10,58,61,58,1357046
24,2022,10,58,205,95,6148545
25,2022,10,58,250,232,6991852
26,2022,10,58,260,216,10062512
27,2022,10,58,128,111,5670472
28,2022,10,58,62,60,2967023
29,2022,10,58,182,163,6141534
30,2022,10,58,15,13,1077978
31,2022,10,58,18,17,1951480
32,2022,10,58,80,74,3059238
33,2022,10,58,38,37,1372175
34,2022,10,58,263,251,9234024
35,2022,10,58,85,81,2109366
36,2022,10,58,558,519,20114745
37,2022,10,58,352,335,10367022
38,2022,10,58,10,6,773344
39,2022,10,58,472,450,11769923
40,2022,10,58,104,96,3948136
41,2022,10,58,116,110,4207177
42,2022,10,58,446,416,12970650
44,2022,10,58,44,40,1091949
45,2022,10,58,181,167,5078903
46,2022,10,58,9,9,881785
47,2022,10,58,335,328,6859497
48,2022,10,58,426,385,28862581
49,2022,10,58,45,34,3231370
50,2022,10,58,23,22,641637
51,2022,10,58,213,196,8582479
53,2022,10,58,232,220,7617364
54,2022,10,58,120,118,1801049
55,2022,10,58,131,121,5871661
56,2022,10,58,10,10,576641
11,2022,10,58,51,51,683154
1,2023,10,70,126,122,4997675
2,2023,10,70,26,25,735951
4,2023,10,70,189,176,7079203
5,2023,10,70,37,32,3006309
6,2023,10,70,863,811,39455353
8,2023,10,70,160,146,5723176
9,2023,10,70,89,86,3605330
10,2023,10,70,39,37,981892
12,2023,10,70,555,522,21339762
13,2023,10,70,174,161,10625615
15,2023,10,70,13,12,1453498
16,2023,10,70,31,29,1811617
17,2023,10,70,289,276,12821813
18,2023,10,70,171,148,6751340
19,2023,10,70,18,12,3179090
20,2023,10,70,46,41,2932099
21,2023,10,70,150,143,4494141
22,2023,10,70,151,137,4657305
23,2023,10,70,53,49,1357046
24,2023,10,70,229,147,6148545
25,2023,10,70,169,164,6991852
26,2023,10,70,210,172,10062512
27,2023,10,70,103,94,5670472
28,2023,10,70,46,43,2967023
29,2023,10,70,175,161,6141534
30,2023,10,70,21,19,1077978
31,2023,10,70,11,2,1951480
32,2023,10,70,104,96,3059238
33,2023,10,70,26,24,1372175
34,2023,10,70,205,200,9234024
35,2023,10,70,80,75,2109366
36,2023,10,70,495,465,20114745
37,2023,10,70,154,142,10367022
38,2023,10,70,10,10,773344
39,2023,10,70,357,334,11769923
40,2023,10,70,100,94,3948136
41,2023,10,70,173,160,4207177
42,2023,10,70,388,371,12970650
44,2023,10,70,26,25,1091949
45,2023,10,70,180,174,5078903
46,2023,10,70,8,8,881785
47,2023,10,70,282,269,6859497
48,2023,10,70,415,383,28862581
49,2023,10,70,46,43,3231370
50,2023,10,70,24,23,641637
51,2023,10,70,175,168,8582479
53,2023,10,70,272,255,7617364
54,2023,10,70,102,100,1801049
55,2023,10,70,128,117,5871661
56,2023,10,70,11,1,576641
11,2023,10,70,40,38,683154
1,2018,11,11,52,46,4864680
2,2018,11,11,13,12,738516
4,2018,11,11,148,124,6946685
5,2018,11,11,25,18,2990671
6,2018,11,11,392,353,39148760
8,2018,11,11,73,65,5531141
9,2018,11,11,93,86,3581504
10,2018,11,11,37,37,949495
12,2018,11,11,424,387,20598139
13,2018,11,11,106,98,10297484
15,2018,11,11,20,19,1422029
16,2018,11,11,14,13,1687809
17,2018,11,11,192,180,12821497
18,2018,11,11,118,103,6637426
19,2018,11,11,19,15,3132499
20,2018,11,11,21,18,2908776
21,2018,11,11,109,98,4440204
22,2018,11,11,99,88,4663616
23,2018,11,11,28,23,1332813
24,2018,11,11,177,40,6003435
25,2018,11,11,172,163,6830193
26,2018,11,11,195,166,9957488
27,2018,11,11,60,51,5527358
28,2018,11,11,22,21,2988762
29,2018,11,11,137,126,6090062
30,2018,11,11,9,9,1041732
31,2018,11,11,15,12,1904760
32,2018,11,11,50,47,2922849
33,2018,11,11,37,31,1343622
34,2018,11,11,221,218,8881845
35,2018,11,11,28,28,2092434
36,2018,11,11,258,229,19618453
37,2018,11,11,173,163,10155624
38,2018,11,11,9,4,752201
39,2018,11,11,318,297,11641879
40,2018,11,11,47,40,3918137
41,2018,11,11,43,34,4081943
42,2018,11,11,316,289,12791181
44,2018,11,11,29,27,1056611
45,2018,11,11,75,70,4955925
46,2018,11,11,4,1,864289
47,2018,11,11,156,148,6651089
48,2018,11,11,235,195,27885195
49,2018,11,11,42,33,3045350
50,2018,11,11,5,1,624977
51,2018,11,11,110,99,8413774
53,2018,11,11,83,70,7294336
54,2018,11,11,60,58,1829054
55,2018,11,11,83,68,5778394
56,2018,11,11,9,9,581836
11,2018,11,11,21,20,684498
1,2019,11,23,59,51,4876250
2,2019,11,23,8,8,737068
4,2019,11,23,154,143,7050299
5,2019,11,23,31,26,2999370
6,2019,11,23,545,501,39283497
8,2019,11,23,91,78,5610349
9,2019,11,23,101,93,3575074
10,2019,11,23,30,27,957248
12,2019,11,23,508,474,20901636
13,2019,11,23,111,92,10403847
15,2019,11,23,18,15,1422094
16,2019,11,23,25,20,1717750
17,2019,11,23,251,236,12770631
18,2019,11,23,137,130,6665703
19,2019,11,23,33,26,3139508
20,2019,11,23,33,30,2910652
21,2019,11,23,122,116,4449052
22,2019,11,23,133,121,4664362
23,2019,11,23,26,24,1335492
24,2019,11,23,196,45,6018848
25,2019,11,23,193,181,6850553
26,2019,11,23,223,191,9965265
27,2019,11,23,62,48,5563378
28,2019,11,23,27,26,2984418
29,2019,11,23,135,120,6104910
30,2019,11,23,13,12,1050649
31,2019,11,23,15,11,1914571
32,2019,11,23,45,42,2972382
33,2019,11,23,27,26,1348124
34,2019,11,23,263,257,8878503
35,2019,11,23,49,48,2092454
36,2019,11,23,299,267,19572319
37,2019,11,23,169,162,10264876
38,2019,11,23,10,3,756717
39,2019,11,23,413,398,11655397
40,2019,11,23,60,51,3932870
41,2019,11,23,51,39,4129803
42,2019,11,23,390,359,12791530
44,2019,11,23,22,21,1057231
45,2019,11,23,99,97,5020806
46,2019,11,23,8,8,870638
47,2019,11,23,191,181,6709356
48,2019,11,23,278,246,28260856
49,2019,11,23,55,45,3096848
50,2019,11,23,8,8,624313
51,2019,11,23,134,122,8454463
53,2019,11,23,99,86,7404107
54,2019,11,23,85,79,1817305
55,2019,11,23,103,97,5790716
56,2019,11,23,7,4,581024
11,2019,11,23,31,30,692683
1,2020,11,35,73,71,4893186
2,2020,11,35,13,13,736990
4,2020,11,35,193,172,7174064
5,2020,11,35,39,35,3011873
6,2020,11,35,734,695,39346023
8,2020,11,35,121,104,5684926
9,2020,11,35,104,99,3570549
10,2020,11,35,22,21,967679
12,2020,11,35,577,547,21216924
13,2020,11,35,143,139,10516579
15,2020,11,35,20,19,1420074
16,2020,11,35,23,19,1754367
17,2020,11,35,287,264,12716164
18,2020,11,35,166,151,6696893
19,2020,11,35,35,30,3150011
20,2020,11,35,29,27,2912619
21,2020,11,35,170,165,4461952
22,2020,11,35,153,138,4664616
23,2020,11,35,44,40,1340825
24,2020,11,35,223,78,6037624
25,2020,11,35,181,171,6873003
26,2020,11,35,196,155,9973907
27,2020,11,35,87,78,5600166
28,2020,11,35,40,38,2981835
29,2020,11,35,145,138,6124160
30,2020,11,35,14,13,1061705
31,2020,11,35,9,9,1923826
32,2020,11,35,72,63,3030281
33,2020,11,35,26,22,1355244
34,2020,11,35,238,226,8885418
35,2020,11,35,71,67,2097021
36,2020,11,35,397,366,19514849
37,2020,11,35,246,238,10386227
38,2020,11,35,9,9,760394
39,2020,11,35,402,391,11675275
40,2020,11,35,58,50,3949342
41,2020,11,35,75,66,4176346
42,2020,11,35,417,392,12794885
44,2020,11,35,26,24,1057798
45,2020,11,35,142,136,5091517
46,2020,11,35,9,9,879336
47,2020,11,35,238,232,6772268
48,2020,11,35,329,294,28635442
49,2020,11,35,49,39,3151239
50,2020,11,35,18,16,624340
51,2020,11,35,179,169,8509358
53,2020,11,35,144,126,7512465
54,2020,11,35,128,126,1807426
55,2020,11,35,117,109,5806975
56,2020,11,35,14,14,581348
11,2020,11,35,36,35,701974
1,2021,11,47,86,83,4997675
2,2021,11,47,28,25,735951
4,2021,11,47,185,167,7079203
5,2021,11,47,53,45,3006309
6,2021,11,47,857,818,39455353
8,2021,11,47,142,126,5723176
9,2021,11,47,130,122,3605330
10,2021,11,47,41,39,981892
12,2021,11,47,618,584,21339762
13,2021,11,47,186,174,10625615
15,2021,11,47,20,17,1453498
16,2021,11,47,32,29,1811617
17,2021,11,47,325,306,12821813
18,2021,11,47,251,229,6751340
19,2021,11,47,30,28,3179090
20,2021,11,47,49,39,2932099
21,2021,11,47,170,168,4494141
22,2021,11,47,194,179,4657305
23,2021,11,47,60,57,1357046
24,2021,11,47,189,71,6148545
25,2021,11,47,196,185,6991852
26,2021,11,47,247,201,10062512
27,2021,11,47,114,106,5670472
28,2021,11,47,46,41,2967023
29,2021,11,47,171,164,6141534
30,2021,11,47,12,4,1077978
31,2021,11,47,12,9,1951480
32,2021,11,47,73,64,3059238
33,2021,11,47,26,25,1372175
34,2021,11,47,207,201,9234024
35,2021,11,47,76,74,2109366
36,2021,11,47,453,429,20114745
37,2021,11,47,301,287,10367022
38,2021,11,47,9,9,773344
39,2021,11,47,420,395,11769923
40,2021,11,47,86,77,3948136
41,2021,11,47,85,77,4207177
42,2021,11,47,391,367,12970650
44,2021,11,47,48,47,1091949
45,2021,11,47,164,158,5078903
46,2021,11,47,11,5,881785
47,2021,11,47,303,297,6859497
48,2021,11,47,380,358,28862581
49,2021,11,47,53,44,3231370
50,2021,11,47,24,23,641637
51,2021,11,47,194,188,8582479
53,2021,11,47,181,167,7617364
54,2021,11,47,125,122,1801049
55,2021,11,47,146,141,5871661
56,2021,11,47,14,12,576641
11,2021,11,47,39,38,683154
1,2022,11,59,105,101,4997675
2,2022,11,59,19,17,735951
4,2022,11,59,198,182,7079203
5,2022,11,59,46,45,3006309
6,2022,11,59,851,807,39455353
8,2022,11,59,170,146,5723176
9,2022,11,59,133,128,3605330
10,2022,11,59,41,40,981892
12,2022,11,59,568,534,21339762
13,2022,11,59,223,210,10625615
15,2022,11,59,21,17,1453498
16,2022,11,59,28,24,1811617
17,2022,11,59,362,346,12821813
18,2022,11,59,191,174,6751340
19,2022,11,59,40,37,3179090
20,2022,11,59,69,63,2932099
21,2022,11,59,213,203,4494141
22,2022,11,59,171,165,4657305
23,2022,11,59,64,62,1357046
24,2022,11,59,245,147,6148545
25,2022,11,59,210,200,6991852
26,2022,11,59,270,237,10062512
27,2022,11,59,124,112,5670472
28,2022,11,59,42,40,2967023
29,2022,11,59,165,155,6141534
30,2022,11,59,14,13,1077978
31,2022,11,59,17,13,1951480
32,2022,11,59,94,85,3059238
33,2022,11,59,40,38,1372175
34,2022,11,59,212,202,9234024
35,2022,11,59,83,78,2109366
36,2022,11,59,560,522,20114745
37,2022,11,59,351,334,10367022
38,2022,11,59,10,6,773344
39,2022,11,59,430,405,11769923
40,2022,11,59,98,96,3948136
41,2022,11,59,129,119,4207177
42,2022,11,59,425,392,12970650
44,2022,11,59,42,38,1091949
45,2022,11,59,195,187,5078903
46,2022,11,59,9,9,881785
47,2022,11,59,337,326,6859497
48,2022,11,59,393,368,28862581
49,2022,11,59,62,50,3231370
50,2022,11,59,18,18,641637
51,2022,11,59,190,180,8582479
53,2022,11,59,272,253,7617364
54,2022,11,59,101,98,1801049
55,2022,11,59,124,109,5871661
56,2022,11,59,11,11,576641
11,2022,11,59,40,40,683154
1,2023,11,71,120,118,4997675
2,2023,11,71,32,29,735951
4,2023,11,71,192,172,7079203
5,2023,11,71,35,28,3006309
6,2023,11,71,785,748,39455353
8,2023,11,71,181,160,5723176
9,2023,11,71,106,102,3605330
10,2023,11,71,38,37,981892
12,2023,11,71,495,459,21339762
13,2023,11,71,205,195,10625615
15,2023,11,71,19,19,1453498
16,2023,11,71,35,30,1811617
17,2023,11,71,268,259,12821813
18,2023,11,71,166,141,6751340
19,2023,11,71,37,32,3179090
20,2023,11,71,44,36,2932099
21,2023,11,71,154,149,4494141
22,2023,11,71,153,142,4657305
23,2023,11,71,47,44,1357046
24,2023,11,71,202,132,6148545
25,2023,11,71,176,167,6991852
26,2023,11,71,184,140,10062512
27,2023,11,71,103,94,5670472
28,2023,11,71,66,61,2967023
29,2023,11,71,144,136,6141534
30,2023,11,71,15,14,1077978
31,2023,11,71,7,7,1951480
32,2023,11,71,90,85,3059238
33,2023,11,71,25,25,1372175
34,2023,11,71,177,173,9234024
35,2023,11,71,75,73,2109366
36,2023,11,71,447,416,20114745
37,2023,11,71,157,148,10367022
38,2023,11,71,9,9,773344
39,2023,11,71,316,292,11769923
40,2023,11,71,102,92,3948136
41,2023,11,71,127,119,4207177
42,2023,11,71,320,292,12970650
44,2023,11,71,36,33,1091949
45,2023,11,71,125,122,5078903
46,2023,11,71,7,7,881785
47,2023,11,71,281,269,6859497
48,2023,11,71,410,382,28862581
49,2023,11,71,64,52,3231370
50,2023,11,71,11,10,641637
51,2023,11,71,165,157,8582479
53,2023,11,71,272,262,7617364
54,2023,11,71,101,99,1801049
55,2023,11,71,132,124,5871661
56,2023,11,71,13,11,576641
11,2023,11,71,41,39,683154
1,2018,12,12,75,69,4864680
2,2018,12,12,15,14,738516
4,2018,12,12,145,119,6946685
5,2018,12,12,32,27,2990671
6,2018,12,12,456,420,39148760
8,2018,12,12,97,88,5531141
9,2018,12,12,78,73,3581504
10,2018,12,12,21,20,949495
12,2018,12,12,425,383,20598139
13,2018,12,12,111,94,10297484
15,2018,12,12,18,14,1422029
16,2018,12,12,23,21,1687809
17,2018,12,12,242,218,12821497
18,2018,12,12,125,107,6637426
19,2018,12,12,23,18,3132499
20,2018,12,12,23,20,2908776
21,2018,12,12,95,90,4440204
22,2018,12,12,96,91,4663616
23,2018,12,12,17,15,1332813
24,2018,12,12,191,32,6003435
25,2018,12,12,190,177,6830193
26,2018,12,12,206,168,9957488
27,2018,12,12,54,49,5527358
28,2018,12,12,19,16,2988762
29,2018,12,12,133,126,6090062
30,2018,12,12,10,10,1041732
31,2018,12,12,14,11,1904760
32,2018,12,12,66,56,2922849
33,2018,12,12,38,35,1343622
34,2018,12,12,231,224,8881845
35,2018,12,12,55,48,2092434
36,2018,12,12,295,257,19618453
37,2018,12,12,168,150,10155624
38,2018,12,12,6,5,752201
39,2018,12,12,338,317,11641879
40,2018,12,12,52,47,3918137
41,2018,12,12,49,41,4081943
42,2018,12,12,335,318,12791181
44,2018,12,12,29,27,1056611
45,2018,12,12,110,105,4955925
46,2018,12,12,2,2,864289
47,2018,12,12,157,149,6651089
48,2018,12,12,212,188,27885195
49,2018,12,12,44,34,3045350
50,2018,12,12,18,15,624977
51,2018,12,12,97,79,8413774
53,2018,12,12,98,87,7294336
54,2018,12,12,70,66,1829054
55,2018,12,12,107,96,5778394
56,2018,12,12,6,6,581836
11,2018,12,12,22,22,684498
1,2019,12,24,64,56,4876250
2,2019,12,24,7,3,737068
4,2019,12,24,172,149,7050299
5,2019,12,24,31,21,2999370
6,2019,12,24,534,501,39283497
8,2019,12,24,127,115,5610349
9,2019,12,24,111,105,3575074
10,2019,12,24,45,45,957248
12,2019,12,24,473,436,20901636
13,2019,12,24,109,97,10403847
15,2019,12,24,22,20,1422094
16,2019,12,24,24,20,1717750
17,2019,12,24,296,278,12770631
18,2019,12,24,148,133,6665703
19,2019,12,24,37,27,3139508
20,2019,12,24,25,21,2910652
21,2019,12,24,145,135,4449052
22,2019,12,24,119,107,4664362
23,2019,12,24,23,22,1335492
24,2019,12,24,179,46,6018848
25,2019,12,24,193,183,6850553
26,2019,12,24,190,145,9965265
27,2019,12,24,73,56,5563378
28,2019,12,24,37,33,2984418
29,2019,12,24,156,137,6104910
30,2019,12,24,7,5,1050649
31,2019,12,24,11,4,1914571
32,2019,12,24,57,49,2972382
33,2019,12,24,48,46,1348124
34,2019,12,24,266,256,8878503
35,2019,12,24,51,49,2092454
36,2019,12,24,307,292,19572319
37,2019,12,24,155,145,10264876
38,2019,12,24,4,2,756717
39,2019,12,24,357,342,11655397
40,2019,12,24,51,48,3932870
41,2019,12,24,54,47,4129803
42,2019,12,24,428,406,12791530
44,2019,12,24,28,27,1057231
45,2019,12,24,108,103,5020806
46,2019,12,24,5,5,870638
47,2019,12,24,178,172,6709356
48,2019,12,24,284,248,28260856
49,2019,12,24,47,36,3096848
50,2019,12,24,13,12,624313
51,2019,12,24,137,132,8454463
53,2019,12,24,111,104,7404107
54,2019,12,24,78,77,1817305
55,2019,12,24,108,99,5790716
56,2019,12,24,12,7,581024
11,2019,12,24,43,43,692683
1,2020,12,36,93,88,4893186
2,2020,12,36,14,14,736990
4,2020,12,36,167,159,7174064
5,2020,12,36,39,32,3011873
6,2020,12,36,792,760,39346023
8,2020,12,36,120,104,5684926
9,2020,12,36,129,121,3570549
10,2020,12,36,27,27,967679
12,2020,12,36,529,506,21216924
13,2020,12,36,155,148,10516579
15,2020,12,36,21,19,1420074
16,2020,12,36,26,23,1754367
17,2020,12,36,255,245,12716164
18,2020,12,36,201,182,6696893
19,2020,12,36,27,25,3150011
20,2020,12,36,54,50,2912619
21,2020,12,36,201,198,4461952
22,2020,12,36,201,189,4664616
23,2020,12,36,45,37,1340825
24,2020,12,36,216,79,6037624
25,2020,12,36,192,179,6873003
26,2020,12,36,220,179,9973907
27,2020,12,36,96,86,5600166
28,2020,12,36,47,45,2981835
29,2020,12,36,143,131,6124160
30,2020,12,36,13,11,1061705
31,2020,12,36,19,17,1923826
32,2020,12,36,84,72,3030281
33,2020,12,36,35,31,1355244
34,2020,12,36,210,203,8885418
35,2020,12,36,63,58,2097021
36,2020,12,36,406,380,19514849
37,2020,12,36,226,211,10386227
38,2020,12,36,18,17,760394
39,2020,12,36,450,436,11675275
40,2020,12,36,65,59,3949342
41,2020,12,36,64,56,4176346
42,2020,12,36,410,390,12794885
44,2020,12,36,29,28,1057798
45,2020,12,36,143,137,5091517
46,2020,12,36,9,9,879336
47,2020,12,36,243,231,6772268
48,2020,12,36,375,342,28635442
49,2020,12,36,52,40,3151239
50,2020,12,36,22,20,624340
51,2020,12,36,187,181,8509358
53,2020,12,36,156,149,7512465
54,2020,12,36,122,120,1807426
55,2020,12,36,121,108,5806975
56,2020,12,36,6,6,581348
11,2020,12,36,35,35,701974
1,2021,12,48,118,109,4997675
2,2021,12,48,16,16,735951
4,2021,12,48,226,203,7079203
5,2021,12,48,59,52,3006309
6,2021,12,48,836,800,39455353
8,2021,12,48,150,134,5723176
9,2021,12,48,125,112,3605330
10,2021,12,48,53,51,981892
12,2021,12,48,620,589,21339762
13,2021,12,48,234,223,10625615
15,2021,12,48,19,17,1453498
16,2021,12,48,24,21,1811617
17,2021,12,48,330,316,12821813
18,2021,12,48,219,204,6751340
19,2021,12,48,57,49,3179090
20,2021,12,48,52,48,2932099
21,2021,12,48,181,174,4494141
22,2021,12,48,198,185,4657305
23,2021,12,48,51,49,1357046
24,2021,12,48,221,83,6148545
25,2021,12,48,223,215,6991852
26,2021,12,48,249,206,10062512
27,2021,12,48,116,110,5670472
28,2021,12,48,55,52,2967023
29,2021,12,48,172,163,6141534
30,2021,12,48,17,16,1077978
31,2021,12,48,13,13,1951480
32,2021,12,48,79,70,3059238
33,2021,12,48,50,48,1372175
34,2021,12,48,222,214,9234024
35,2021,12,48,72,69,2109366
36,2021,12,48,491,454,20114745
37,2021,12,48,348,340,10367022
38,2021,12,48,16,16,773344
39,2021,12,48,417,405,11769923
40,2021,12,48,88,80,3948136
41,2021,12,48,88,82,4207177
42,2021,12,48,410,384,12970650
44,2021,12,48,34,31,1091949
45,2021,12,48,177,174,5078903
46,2021,12,48,9,9,881785
47,2021,12,48,289,275,6859497
48,2021,12,48,367,342,28862581
49,2021,12,48,52,44,3231370
50,2021,12,48,18,17,641637
51,2021,12,48,215,202,8582479
53,2021,12,48,181,168,7617364
54,2021,12,48,94,89,1801049
55,2021,12,48,143,136,5871661
56,2021,12,48,7,3,576641
11,2021,12,48,52,51,683154
1,2022,12,60,116,103,4997675
2,2022,12,60,32,32,735951
4,2022,12,60,218,195,7079203
5,2022,12,60,42,35,3006309
6,2022,12,60,933,888,39455353
8,2022,12,60,178,160,5723176
9,2022,12,60,120,112,3605330
10,2022,12,60,48,48,981892
12,2022,12,60,589,551,21339762
13,2022,12,60,200,190,10625615
15,2022,12,60,20,16,1453498
16,2022,12,60,36,32,1811617
17,2022,12,60,345,322,12821813
18,2022,12,60,212,193,6751340
19,2022,12,60,31,25,3179090
20,2022,12,60,69,56,2932099
21,2022,12,60,182,174,4494141
22,2022,12,60,206,197,4657305
23,2022,12,60,73,70,1357046
24,2022,12,60,243,136,6148545
25,2022,12,60,220,211,6991852
26,2022,12,60,245,209,10062512
27,2022,12,60,130,125,5670472
28,2022,12,60,65,55,2967023
29,2022,12,60,199,187,6141534
30,2022,12,60,14,14,1077978
31,2022,12,60,21,20,1951480
32,2022,12,60,87,72,3059238
33,2022,12,60,36,33,1372175
34,2022,12,60,231,218,9234024
35,2022,12,60,88,85,2109366
36,2022,12,60,577,542,20114745
37,2022,12,60,352,339,10367022
38,2022,12,60,14,12,773344
39,2022,12,60,463,446,11769923
40,2022,12,60,109,104,3948136
41,2022,12,60,174,166,4207177
42,2022,12,60,475,451,12970650
44,2022,12,60,39,36,1091949
45,2022,12,60,221,211,5078903
46,2022,12,60,4,4,881785
47,2022,12,60,369,351,6859497
48,2022,12,60,488,451,28862581
49,2022,12,60,64,45,3231370
50,2022,12,60,28,26,641637
51,2022,12,60,227,219,8582479
53,2022,12,60,335,319,7617364
54,2022,12,60,118,115,1801049
55,2022,12,60,141,130,5871661
56,2022,12,60,12,11,576641
11,2022,12,60,42,41,683154
1,2023,12,72,95,89,4997675
2,2023,12,72,42,41,735951
4,2023,12,72,114,104,7079203
5,2023,12,72,25,24,3006309
6,2023,12,72,628,593,39455353
8,2023,12,72,114,97,5723176
9,2023,12,72,69,68,3605330
10,2023,12,72,26,25,981892
12,2023,12,72,402,378,21339762
13,2023,12,72,120,117,10625615
15,2023,12,72,2,2,1453498
16,2023,12,72,14,8,1811617
17,2023,12,72,185,179,12821813
18,2023,12,72,105,95,6751340
19,2023,12,72,25,18,3179090
20,2023,12,72,36,28,2932099
21,2023,12,72,129,123,4494141
22,2023,12,72,143,135,4657305
23,2023,12,72,30,30,1357046
24,2023,12,72,152,82,6148545
25,2023,12,72,152,143,6991852
26,2023,12,72,146,104,10062512
27,2023,12,72,73,65,5670472
28,2023,12,72,38,38,2967023
29,2023,12,72,101,98,6141534
30,2023,12,72,6,2,1077978
31,2023,12,72,10,6,1951480
32,2023,12,72,70,65,3059238
33,2023,12,72,19,19,1372175
34,2023,12,72,120,113,9234024
35,2023,12,72,65,59,2109366
36,2023,12,72,360,333,20114745
37,2023,12,72,109,101,10367022
38,2023,12,72,8,8,773344
39,2023,12,72,243,234,11769923
40,2023,12,72,69,65,3948136
41,2023,12,72,114,107,4207177
42,2023,12,72,251,234,12970650
44,2023,12,72,28,28,1091949
45,2023,12,72,127,118,5078903
46,2023,12,72,9,1,881785
47,2023,12,72,209,201,6859497
48,2023,12,72,285,260,28862581
49,2023,12,72,44,36,3231370
50,2023,12,72,20,20,641637
51,2023,12,72,104,98,8582479
53,2023,12,72,207,199,7617364
54,2023,12,72,97,93,1801049
55,2023,12,72,89,83,5871661
56,2023,12,72,9,9,576641
11,2023,12,72,38,38,683154
