state,year,monthno,pop,drug_all,drug_synthetic,drug_other,drug_opium_coke,state_fips
alabama,2018,1,334855.0000000001,90,21,47,22,1
alabama,2018,2,334855.0000000001,89,19,50,20,1
alabama,2018,3,334855.0000000001,98,15,65,18,1
alabama,2018,4,334855.0000000001,109,28,61,20,1
alabama,2018,5,334855.0000000001,91,9,61,21,1
alabama,2018,6,334855.0000000001,61,11,34,16,1
alabama,2018,7,334855.0000000001,68,13,42,13,1
alabama,2018,8,334855.0000000001,106,36,49,21,1
alabama,2018,9,334855.0000000001,83,18,46,19,1
alabama,2018,10,334855.0000000001,71,13,47,11,1
alabama,2018,11,334855.0000000001,69,9,47,13,1
alabama,2018,12,334855.0000000001,73,3,51,19,1
alabama,2019,1,338843.9999999999,66,14,32,20,1
alabama,2019,2,338843.9999999999,89,31,34,24,1
alabama,2019,3,338843.9999999999,62,15,31,16,1
alabama,2019,4,338843.9999999999,73,20,44,9,1
alabama,2019,5,338843.9999999999,59,19,22,18,1
alabama,2019,6,338843.9999999999,52,21,16,15,1
alabama,2019,7,338843.9999999999,68,24,28,16,1
alabama,2019,8,338843.9999999999,51,23,10,18,1
alabama,2019,9,338843.9999999999,66,22,25,19,1
alabama,2019,10,338843.9999999999,41,15,15,11,1
alabama,2019,11,338843.9999999999,38,20,7,11,1
alabama,2019,12,338843.9999999999,45,13,18,14,1
alabama,2020,1,341131.9999999999,65,24,26,15,1
alabama,2020,2,341131.9999999999,48,11,20,17,1
alabama,2020,3,341131.9999999999,46,18,16,12,1
alabama,2020,4,341131.9999999999,36,10,14,12,1
alabama,2020,5,341131.9999999999,51,19,16,16,1
alabama,2020,6,341131.9999999999,26,1,8,17,1
alabama,2020,7,341131.9999999999,18,1,13,4,1
alabama,2020,8,341131.9999999999,21,5,9,7,1
alabama,2020,9,341131.9999999999,17,4,11,2,1
alabama,2020,10,341131.9999999999,6,2,3,1,1
alabama,2020,11,341131.9999999999,8,2,6,0,1
alabama,2020,12,341131.9999999999,14,2,11,1,1
alabama,2021,1,349469.0000000001,27,3,19,5,1
alabama,2021,2,349469.0000000001,36,7,21,8,1
alabama,2021,3,349469.0000000001,48,9,29,10,1
alabama,2021,4,349469.0000000001,61,12,41,8,1
alabama,2021,5,349469.0000000001,47,5,26,16,1
alabama,2021,6,349469.0000000001,24,3,15,6,1
alabama,2021,7,349469.0000000001,54,6,40,8,1
alabama,2021,8,349469.0000000001,27,3,20,4,1
alabama,2021,9,349469.0000000001,13,3,9,1,1
alabama,2021,10,349469.0000000001,35,2,26,7,1
alabama,2021,11,349469.0000000001,37,0,28,9,1
alabama,2021,12,349469.0000000001,107,10,84,13,1
alabama,2022,1,357669.99999999994,96,9,69,18,1
alabama,2022,2,357669.99999999994,99,6,69,24,1
alabama,2022,3,357669.99999999994,127,10,93,24,1
alabama,2022,4,357669.99999999994,109,1,86,22,1
alabama,2022,5,357669.99999999994,99,11,63,25,1
alabama,2022,6,357669.99999999994,85,7,58,20,1
alabama,2022,7,357669.99999999994,112,10,78,24,1
alabama,2022,8,357669.99999999994,93,10,62,21,1
alabama,2022,9,357669.99999999994,111,11,84,16,1
alabama,2022,10,357669.99999999994,94,9,52,33,1
alabama,2022,11,357669.99999999994,96,8,68,20,1
alabama,2022,12,357669.99999999994,97,10,75,12,1
alabama,2023,1,362336.9999999999,108,9,86,13,1
alabama,2023,2,362336.9999999999,63,6,44,13,1
alabama,2023,3,362336.9999999999,80,7,54,19,1
alabama,2023,4,362336.9999999999,110,9,78,23,1
alabama,2023,5,362336.9999999999,98,6,67,25,1
alabama,2023,6,362336.9999999999,103,11,63,29,1
alabama,2023,7,362336.9999999999,111,7,70,34,1
alabama,2023,8,362336.9999999999,116,13,67,36,1
alabama,2023,9,362336.9999999999,110,15,67,28,1
alabama,2023,10,362336.9999999999,87,10,59,18,1
alabama,2023,11,362336.9999999999,99,11,70,18,1
alabama,2023,12,362336.9999999999,99,6,66,27,1
alabama,2024,1,368953.0000000001,116,12,79,25,1
alabama,2024,2,368953.0000000001,134,9,79,46,1
alabama,2024,3,368953.0000000001,100,5,75,20,1
alabama,2024,4,368953.0000000001,144,20,100,24,1
alabama,2024,5,368953.0000000001,107,7,85,15,1
alabama,2024,6,368953.0000000001,109,8,74,27,1
alabama,2024,7,368953.0000000001,123,6,90,27,1
alabama,2024,8,368953.0000000001,124,18,91,15,1
alabama,2024,9,368953.0000000001,125,18,82,25,1
alabama,2024,10,368953.0000000001,99,8,61,30,1
alabama,2024,11,368953.0000000001,120,8,85,27,1
alabama,2024,12,368953.0000000001,87,11,55,21,1
alaska,2018,1,345247.99999999994,10,5,1,4,2
alaska,2018,2,345247.99999999994,16,7,3,6,2
alaska,2018,3,345247.99999999994,11,5,1,5,2
alaska,2018,4,345247.99999999994,24,13,0,11,2
alaska,2018,5,345247.99999999994,15,8,2,5,2
alaska,2018,6,345247.99999999994,29,9,3,17,2
alaska,2018,7,345247.99999999994,14,6,0,8,2
alaska,2018,8,345247.99999999994,18,9,3,6,2
alaska,2018,9,345247.99999999994,20,11,3,6,2
alaska,2018,10,345247.99999999994,23,9,2,12,2
alaska,2018,11,345247.99999999994,8,1,1,6,2
alaska,2018,12,345247.99999999994,17,8,3,6,2
alaska,2019,1,343425,15,7,1,7,2
alaska,2019,2,343425,17,5,0,12,2
alaska,2019,3,343425,35,14,5,16,2
alaska,2019,4,343425,39,2,13,24,2
alaska,2019,5,343425,33,4,13,16,2
alaska,2019,6,343425,18,4,9,5,2
alaska,2019,7,343425,30,2,20,8,2
alaska,2019,8,343425,33,4,13,16,2
alaska,2019,9,343425,37,1,24,12,2
alaska,2019,10,343425,7,3,1,3,2
alaska,2019,11,343425,23,1,11,11,2
alaska,2019,12,343425,17,2,8,7,2
alaska,2020,1,343786,23,0,15,8,2
alaska,2020,2,343786,16,0,11,5,2
alaska,2020,3,343786,16,6,7,3,2
alaska,2020,4,343786,15,2,3,10,2
alaska,2020,5,343786,19,4,7,8,2
alaska,2020,6,343786,13,3,5,5,2
alaska,2020,7,343786,16,2,5,9,2
alaska,2020,8,343786,21,2,9,10,2
alaska,2020,9,343786,20,2,10,8,2
alaska,2020,10,343786,23,3,12,8,2
alaska,2020,11,343786,3,0,0,3,2
alaska,2020,12,343786,10,3,2,5,2
alaska,2021,1,344903,17,0,9,8,2
alaska,2021,2,344903,15,1,8,6,2
alaska,2021,3,344903,22,1,17,4,2
alaska,2021,4,344903,29,0,18,11,2
alaska,2021,5,344903,16,1,5,10,2
alaska,2021,6,344903,26,1,16,9,2
alaska,2021,7,344903,24,0,15,9,2
alaska,2021,8,344903,14,0,9,5,2
alaska,2021,9,344903,8,0,5,3,2
alaska,2021,10,344903,11,0,5,6,2
alaska,2021,11,344903,10,1,6,3,2
alaska,2021,12,344903,17,1,8,8,2
alaska,2022,1,351243,11,0,4,7,2
alaska,2022,2,351243,12,1,9,2,2
alaska,2022,3,351243,18,0,14,4,2
alaska,2022,4,351243,15,0,6,9,2
alaska,2022,5,351243,8,0,6,2,2
alaska,2022,6,351243,9,0,5,4,2
alaska,2022,7,351243,9,0,7,2,2
alaska,2022,8,351243,13,0,8,5,2
alaska,2022,9,351243,13,1,8,4,2
alaska,2022,10,351243,11,2,5,4,2
alaska,2022,11,351243,11,2,4,5,2
alaska,2022,12,351243,10,1,6,3,2
alaska,2023,1,351689,16,3,8,5,2
alaska,2023,2,351689,6,3,2,1,2
alaska,2023,3,351689,17,2,6,9,2
alaska,2023,4,351689,18,7,7,4,2
alaska,2023,5,351689,14,2,8,4,2
alaska,2023,6,351689,11,3,6,2,2
alaska,2023,7,351689,13,1,8,4,2
alaska,2023,8,351689,14,5,8,1,2
alaska,2023,9,351689,23,5,13,5,2
alaska,2023,10,351689,13,0,7,6,2
alaska,2023,11,351689,10,0,7,3,2
alaska,2023,12,351689,12,1,9,2,2
alaska,2024,1,356275,7,0,4,3,2
alaska,2024,2,356275,7,0,6,1,2
alaska,2024,3,356275,19,0,11,8,2
alaska,2024,4,356275,17,3,9,5,2
alaska,2024,5,356275,12,2,8,2,2
alaska,2024,6,356275,9,2,7,0,2
alaska,2024,7,356275,8,1,6,1,2
alaska,2024,8,356275,19,1,13,5,2
alaska,2024,9,356275,9,4,5,0,2
alaska,2024,10,356275,10,2,4,4,2
alaska,2024,11,356275,7,0,6,1,2
alaska,2024,12,356275,6,0,5,1,2
arizona,2018,1,2623249,384,131,124,129,4
arizona,2018,2,2623249,427,152,148,127,4
arizona,2018,3,2623249,432,170,138,124,4
arizona,2018,4,2623249,429,165,138,126,4
arizona,2018,5,2623249,481,184,160,137,4
arizona,2018,6,2623249,361,129,127,105,4
arizona,2018,7,2623249,368,136,122,110,4
arizona,2018,8,2623249,403,159,138,106,4
arizona,2018,9,2623249,424,175,135,114,4
arizona,2018,10,2623249,427,151,172,104,4
arizona,2018,11,2623249,348,117,144,87,4
arizona,2018,12,2623249,393,155,147,91,4
arizona,2019,1,2693752.0000000005,404,159,154,91,4
arizona,2019,2,2693752.0000000005,444,155,164,125,4
arizona,2019,3,2693752.0000000005,531,204,217,110,4
arizona,2019,4,2693752.0000000005,485,176,226,83,4
arizona,2019,5,2693752.0000000005,549,212,203,134,4
arizona,2019,6,2693752.0000000005,475,170,197,108,4
arizona,2019,7,2693752.0000000005,387,153,139,95,4
arizona,2019,8,2693752.0000000005,505,189,194,122,4
arizona,2019,9,2693752.0000000005,462,183,174,105,4
arizona,2019,10,2693752.0000000005,378,111,202,65,4
arizona,2019,11,2693752.0000000005,409,134,214,61,4
arizona,2019,12,2693752.0000000005,371,110,204,57,4
arizona,2020,1,2760617.9999999986,451,119,267,65,4
arizona,2020,2,2760617.9999999986,478,147,260,71,4
arizona,2020,3,2760617.9999999986,469,140,254,75,4
arizona,2020,4,2760617.9999999986,296,96,152,48,4
arizona,2020,5,2760617.9999999986,421,122,210,89,4
arizona,2020,6,2760617.9999999986,363,107,195,61,4
arizona,2020,7,2760617.9999999986,395,117,225,53,4
arizona,2020,8,2760617.9999999986,484,148,258,78,4
arizona,2020,9,2760617.9999999986,507,146,295,66,4
arizona,2020,10,2760617.9999999986,510,166,281,63,4
arizona,2020,11,2760617.9999999986,388,107,232,49,4
arizona,2020,12,2760617.9999999986,396,134,211,51,4
arizona,2021,1,2812977.000000001,446,79,299,68,4
arizona,2021,2,2812977.000000001,468,99,303,66,4
arizona,2021,3,2812977.000000001,558,114,375,69,4
arizona,2021,4,2812977.000000001,524,103,353,68,4
arizona,2021,5,2812977.000000001,543,116,360,67,4
arizona,2021,6,2812977.000000001,473,115,318,40,4
arizona,2021,7,2812977.000000001,529,145,331,53,4
arizona,2021,8,2812977.000000001,562,142,370,50,4
arizona,2021,9,2812977.000000001,530,147,324,59,4
arizona,2021,10,2812977.000000001,504,112,344,48,4
arizona,2021,11,2812977.000000001,471,138,295,38,4
arizona,2021,12,2812977.000000001,516,139,328,49,4
arizona,2022,1,2863342,513,162,314,37,4
arizona,2022,2,2863342,520,141,338,41,4
arizona,2022,3,2863342,622,170,389,63,4
arizona,2022,4,2863342,626,176,398,52,4
arizona,2022,5,2863342,696,206,447,43,4
arizona,2022,6,2863342,682,213,432,37,4
arizona,2022,7,2863342,629,189,383,57,4
arizona,2022,8,2863342,678,186,444,48,4
arizona,2022,9,2863342,634,179,397,58,4
arizona,2022,10,2863342,577,158,373,46,4
arizona,2022,11,2863342,624,206,377,41,4
arizona,2022,12,2863342,526,156,330,40,4
arizona,2023,1,2898328.999999997,619,173,399,47,4
arizona,2023,2,2898328.999999997,560,173,351,36,4
arizona,2023,3,2898328.999999997,669,233,399,37,4
arizona,2023,4,2898328.999999997,522,168,313,41,4
arizona,2023,5,2898328.999999997,629,184,407,38,4
arizona,2023,6,2898328.999999997,596,184,378,34,4
arizona,2023,7,2898328.999999997,614,197,378,39,4
arizona,2023,8,2898328.999999997,594,188,363,43,4
arizona,2023,9,2898328.999999997,573,191,347,35,4
arizona,2023,10,2898328.999999997,542,181,317,44,4
arizona,2023,11,2898328.999999997,567,173,358,36,4
arizona,2023,12,2898328.999999997,524,152,333,39,4
arizona,2024,1,2949227.000000001,536,163,332,41,4
arizona,2024,2,2949227.000000001,528,157,335,36,4
arizona,2024,3,2949227.000000001,561,162,355,44,4
arizona,2024,4,2949227.000000001,566,138,378,50,4
arizona,2024,5,2949227.000000001,600,187,359,54,4
arizona,2024,6,2949227.000000001,577,176,357,44,4
arizona,2024,7,2949227.000000001,521,153,322,46,4
arizona,2024,8,2949227.000000001,529,133,337,59,4
arizona,2024,9,2949227.000000001,476,109,313,54,4
arizona,2024,10,2949227.000000001,457,68,341,48,4
arizona,2024,11,2949227.000000001,452,92,308,52,4
arizona,2024,12,2949227.000000001,437,74,326,37,4
arkansas,2018,1,2382328.9999999977,471,36,359,76,5
arkansas,2018,2,2382328.9999999977,547,60,411,76,5
arkansas,2018,3,2382328.9999999977,633,53,480,100,5
arkansas,2018,4,2382328.9999999977,587,40,453,94,5
arkansas,2018,5,2382328.9999999977,629,45,497,87,5
arkansas,2018,6,2382328.9999999977,576,40,465,71,5
arkansas,2018,7,2382328.9999999977,604,45,457,102,5
arkansas,2018,8,2382328.9999999977,622,51,508,63,5
arkansas,2018,9,2382328.9999999977,595,44,477,74,5
arkansas,2018,10,2382328.9999999977,597,49,469,79,5
arkansas,2018,11,2382328.9999999977,461,33,372,56,5
arkansas,2018,12,2382328.9999999977,505,37,418,50,5
arkansas,2019,1,2386317.000000003,700,37,572,91,5
arkansas,2019,2,2386317.000000003,685,44,563,78,5
arkansas,2019,3,2386317.000000003,827,38,700,89,5
arkansas,2019,4,2386317.000000003,773,43,663,67,5
arkansas,2019,5,2386317.000000003,749,38,647,64,5
arkansas,2019,6,2386317.000000003,707,34,605,68,5
arkansas,2019,7,2386317.000000003,818,48,690,80,5
arkansas,2019,8,2386317.000000003,809,45,692,72,5
arkansas,2019,9,2386317.000000003,776,36,660,80,5
arkansas,2019,10,2386317.000000003,734,27,626,81,5
arkansas,2019,11,2386317.000000003,565,20,499,46,5
arkansas,2019,12,2386317.000000003,635,33,535,67,5
arkansas,2020,1,2394349.9999999995,752,30,658,64,5
arkansas,2020,2,2394349.9999999995,769,48,641,80,5
arkansas,2020,3,2394349.9999999995,557,22,462,73,5
arkansas,2020,4,2394349.9999999995,395,23,340,32,5
arkansas,2020,5,2394349.9999999995,571,32,459,80,5
arkansas,2020,6,2394349.9999999995,516,24,444,48,5
arkansas,2020,7,2394349.9999999995,699,32,591,76,5
arkansas,2020,8,2394349.9999999995,813,44,694,75,5
arkansas,2020,9,2394349.9999999995,801,32,688,81,5
arkansas,2020,10,2394349.9999999995,689,33,600,56,5
arkansas,2020,11,2394349.9999999995,663,25,580,58,5
arkansas,2020,12,2394349.9999999995,557,25,488,44,5
arkansas,2021,1,2390103.9999999986,716,31,606,79,5
arkansas,2021,2,2390103.9999999986,508,24,431,53,5
arkansas,2021,3,2390103.9999999986,984,38,833,113,5
arkansas,2021,4,2390103.9999999986,932,35,798,99,5
arkansas,2021,5,2390103.9999999986,806,31,697,78,5
arkansas,2021,6,2390103.9999999986,825,48,686,91,5
arkansas,2021,7,2390103.9999999986,689,31,607,51,5
arkansas,2021,8,2390103.9999999986,633,31,536,66,5
arkansas,2021,9,2390103.9999999986,664,35,559,70,5
arkansas,2021,10,2390103.9999999986,662,36,542,84,5
arkansas,2021,11,2390103.9999999986,565,22,498,45,5
arkansas,2021,12,2390103.9999999986,599,27,526,46,5
arkansas,2022,1,2396158.9999999977,520,25,431,64,5
arkansas,2022,2,2396158.9999999977,494,25,412,57,5
arkansas,2022,3,2396158.9999999977,680,35,583,62,5
arkansas,2022,4,2396158.9999999977,686,38,579,69,5
arkansas,2022,5,2396158.9999999977,628,29,527,72,5
arkansas,2022,6,2396158.9999999977,582,26,509,47,5
arkansas,2022,7,2396158.9999999977,621,43,514,64,5
arkansas,2022,8,2396158.9999999977,618,32,519,67,5
arkansas,2022,9,2396158.9999999977,562,26,490,46,5
arkansas,2022,10,2396158.9999999977,573,25,492,56,5
arkansas,2022,11,2396158.9999999977,530,32,441,57,5
arkansas,2022,12,2396158.9999999977,552,27,465,60,5
arkansas,2023,1,2416719.000000002,620,43,510,67,5
arkansas,2023,2,2416719.000000002,584,46,473,65,5
arkansas,2023,3,2416719.000000002,672,40,569,63,5
arkansas,2023,4,2416719.000000002,652,46,525,81,5
arkansas,2023,5,2416719.000000002,617,41,517,59,5
arkansas,2023,6,2416719.000000002,581,32,494,55,5
arkansas,2023,7,2416719.000000002,618,41,528,49,5
arkansas,2023,8,2416719.000000002,625,35,513,77,5
arkansas,2023,9,2416719.000000002,571,35,467,69,5
arkansas,2023,10,2416719.000000002,506,38,430,38,5
arkansas,2023,11,2416719.000000002,462,28,386,48,5
arkansas,2023,12,2416719.000000002,482,32,402,48,5
arkansas,2024,1,2416687.0000000014,428,26,368,34,5
arkansas,2024,2,2416687.0000000014,574,34,474,66,5
arkansas,2024,3,2416687.0000000014,604,24,506,74,5
arkansas,2024,4,2416687.0000000014,604,39,497,68,5
arkansas,2024,5,2416687.0000000014,595,31,489,75,5
arkansas,2024,6,2416687.0000000014,532,34,445,53,5
arkansas,2024,7,2416687.0000000014,578,36,476,66,5
arkansas,2024,8,2416687.0000000014,584,28,483,73,5
arkansas,2024,9,2416687.0000000014,459,22,373,64,5
arkansas,2024,10,2416687.0000000014,476,36,381,59,5
arkansas,2024,11,2416687.0000000014,458,15,381,62,5
arkansas,2024,12,2416687.0000000014,441,24,374,43,5
california,2018,1,4529427.000000001,1785,0,890,895,6
california,2018,2,4529427.000000001,1801,0,872,929,6
california,2018,3,4529427.000000001,1898,0,793,1105,6
california,2018,4,4529427.000000001,1775,0,713,1062,6
california,2018,5,4529427.000000001,1876,0,755,1121,6
california,2018,6,4529427.000000001,1896,0,769,1127,6
california,2018,7,4529427.000000001,1968,0,770,1198,6
california,2018,8,4529427.000000001,2110,0,836,1274,6
california,2018,9,4529427.000000001,2028,0,824,1204,6
california,2018,10,4529427.000000001,2063,0,866,1197,6
california,2018,11,4529427.000000001,1870,0,744,1126,6
california,2018,12,4529427.000000001,1864,0,738,1126,6
california,2019,1,4532710.000000006,1940,0,766,1174,6
california,2019,2,4532710.000000006,1695,0,673,1022,6
california,2019,3,4532710.000000006,2217,0,885,1332,6
california,2019,4,4532710.000000006,1996,0,764,1232,6
california,2019,5,4532710.000000006,1946,0,818,1128,6
california,2019,6,4532710.000000006,1797,0,781,1016,6
california,2019,7,4532710.000000006,2184,0,911,1273,6
california,2019,8,4532710.000000006,2105,0,858,1247,6
california,2019,9,4532710.000000006,1892,0,747,1145,6
california,2019,10,4532710.000000006,1993,0,764,1229,6
california,2019,11,4532710.000000006,1787,0,736,1051,6
california,2019,12,4532710.000000006,1711,0,687,1024,6
california,2020,1,4513260,1992,0,811,1181,6
california,2020,2,4513260,1953,0,746,1207,6
california,2020,3,4513260,1373,0,528,845,6
california,2020,4,4513260,1279,0,426,853,6
california,2020,5,4513260,1997,0,688,1309,6
california,2020,6,4513260,1478,0,562,916,6
california,2020,7,4513260,1950,0,680,1270,6
california,2020,8,4513260,2379,0,843,1536,6
california,2020,9,4513260,2219,0,824,1395,6
california,2020,10,4513260,2203,0,799,1404,6
california,2020,11,4513260,1932,0,787,1145,6
california,2020,12,4513260,1526,0,666,860,6
california,2021,1,4502879.000000004,1198,45,919,234,6
california,2021,2,4502879.000000004,1521,49,1215,257,6
california,2021,3,4502879.000000004,1206,48,914,244,6
california,2021,4,4502879.000000004,1165,38,930,197,6
california,2021,5,4502879.000000004,1095,42,881,172,6
california,2021,6,4502879.000000004,987,36,749,202,6
california,2021,7,4502879.000000004,1160,48,900,212,6
california,2021,8,4502879.000000004,1054,34,859,161,6
california,2021,9,4502879.000000004,999,36,816,147,6
california,2021,10,4502879.000000004,835,38,680,117,6
california,2021,11,4502879.000000004,818,41,650,127,6
california,2021,12,4502879.000000004,900,27,729,144,6
california,2022,1,4447942.000000003,897,32,749,116,6
california,2022,2,4447942.000000003,919,45,739,135,6
california,2022,3,4447942.000000003,1183,60,957,166,6
california,2022,4,4447942.000000003,1171,56,997,118,6
california,2022,5,4447942.000000003,1063,46,893,124,6
california,2022,6,4447942.000000003,1002,53,855,94,6
california,2022,7,4447942.000000003,1111,40,951,120,6
california,2022,8,4447942.000000003,1114,46,949,119,6
california,2022,9,4447942.000000003,993,51,849,93,6
california,2022,10,4447942.000000003,997,57,854,86,6
california,2022,11,4447942.000000003,810,48,674,88,6
california,2022,12,4447942.000000003,933,55,802,76,6
california,2023,1,4441265.999999999,945,50,805,90,6
california,2023,2,4441265.999999999,883,37,735,111,6
california,2023,3,4441265.999999999,975,52,810,113,6
california,2023,4,4441265.999999999,986,56,836,94,6
california,2023,5,4441265.999999999,1029,30,884,115,6
california,2023,6,4441265.999999999,1006,54,879,73,6
california,2023,7,4441265.999999999,990,44,839,107,6
california,2023,8,4441265.999999999,992,48,837,107,6
california,2023,9,4441265.999999999,968,63,805,100,6
california,2023,10,4441265.999999999,1010,68,853,89,6
california,2023,11,4441265.999999999,962,46,809,107,6
california,2023,12,4441265.999999999,890,53,745,92,6
california,2024,1,4480679.999999997,975,50,850,75,6
california,2024,2,4480679.999999997,869,49,740,80,6
california,2024,3,4480679.999999997,1023,59,871,93,6
california,2024,4,4480679.999999997,924,42,801,81,6
california,2024,5,4480679.999999997,1036,57,877,102,6
california,2024,6,4480679.999999997,914,51,801,62,6
california,2024,7,4480679.999999997,1057,46,919,92,6
california,2024,8,4480679.999999997,1094,60,950,84,6
california,2024,9,4480679.999999997,976,52,843,81,6
california,2024,10,4480679.999999997,987,54,852,81,6
california,2024,11,4480679.999999997,884,44,754,86,6
california,2024,12,4480679.999999997,773,37,683,53,6
colorado,2018,1,4827433.999999998,873,10,570,293,8
colorado,2018,2,4827433.999999998,737,5,455,277,8
colorado,2018,3,4827433.999999998,970,13,646,311,8
colorado,2018,4,4827433.999999998,969,16,599,354,8
colorado,2018,5,4827433.999999998,912,12,607,293,8
colorado,2018,6,4827433.999999998,942,11,611,320,8
colorado,2018,7,4827433.999999998,941,8,622,311,8
colorado,2018,8,4827433.999999998,1003,16,641,346,8
colorado,2018,9,4827433.999999998,911,12,596,303,8
colorado,2018,10,4827433.999999998,896,11,562,323,8
colorado,2018,11,4827433.999999998,792,13,509,270,8
colorado,2018,12,4827433.999999998,789,14,508,267,8
colorado,2019,1,4877549.000000001,999,15,648,336,8
colorado,2019,2,4877549.000000001,908,9,593,306,8
colorado,2019,3,4877549.000000001,956,14,635,307,8
colorado,2019,4,4877549.000000001,925,11,581,333,8
colorado,2019,5,4877549.000000001,985,11,628,346,8
colorado,2019,6,4877549.000000001,891,9,554,328,8
colorado,2019,7,4877549.000000001,944,11,603,330,8
colorado,2019,8,4877549.000000001,971,14,628,329,8
colorado,2019,9,4877549.000000001,884,6,594,284,8
colorado,2019,10,4877549.000000001,830,18,531,281,8
colorado,2019,11,4877549.000000001,787,12,523,252,8
colorado,2019,12,4877549.000000001,742,7,491,244,8
colorado,2020,1,4919703.000000006,952,17,624,311,8
colorado,2020,2,4919703.000000006,734,11,482,241,8
colorado,2020,3,4919703.000000006,593,16,408,169,8
colorado,2020,4,4919703.000000006,411,7,262,142,8
colorado,2020,5,4919703.000000006,548,10,325,213,8
colorado,2020,6,4919703.000000006,369,6,232,131,8
colorado,2020,7,4919703.000000006,500,9,354,137,8
colorado,2020,8,4919703.000000006,515,13,341,161,8
colorado,2020,9,4919703.000000006,581,17,382,182,8
colorado,2020,10,4919703.000000006,510,14,328,168,8
colorado,2020,11,4919703.000000006,391,13,228,150,8
colorado,2020,12,4919703.000000006,453,15,278,160,8
colorado,2021,1,4924612.999999994,547,21,356,170,8
colorado,2021,2,4924612.999999994,524,17,342,165,8
colorado,2021,3,4924612.999999994,612,21,423,168,8
colorado,2021,4,4924612.999999994,597,21,414,162,8
colorado,2021,5,4924612.999999994,556,27,382,147,8
colorado,2021,6,4924612.999999994,586,30,387,169,8
colorado,2021,7,4924612.999999994,588,43,421,124,8
colorado,2021,8,4924612.999999994,630,39,429,162,8
colorado,2021,9,4924612.999999994,561,44,417,100,8
colorado,2021,10,4924612.999999994,473,34,318,121,8
colorado,2021,11,4924612.999999994,462,37,308,117,8
colorado,2021,12,4924612.999999994,451,53,303,95,8
colorado,2022,1,4917808.000000001,530,62,353,115,8
colorado,2022,2,4917808.000000001,464,48,333,83,8
colorado,2022,3,4917808.000000001,635,57,439,139,8
colorado,2022,4,4917808.000000001,595,77,404,114,8
colorado,2022,5,4917808.000000001,589,83,383,123,8
colorado,2022,6,4917808.000000001,608,74,416,118,8
colorado,2022,7,4917808.000000001,684,115,439,130,8
colorado,2022,8,4917808.000000001,702,94,449,159,8
colorado,2022,9,4917808.000000001,689,115,429,145,8
colorado,2022,10,4917808.000000001,677,114,387,176,8
colorado,2022,11,4917808.000000001,614,109,380,125,8
colorado,2022,12,4917808.000000001,591,96,357,138,8
colorado,2023,1,4940634,709,128,428,153,8
colorado,2023,2,4940634,638,95,408,135,8
colorado,2023,3,4940634,724,111,442,171,8
colorado,2023,4,4940634,704,118,444,142,8
colorado,2023,5,4940634,749,151,437,161,8
colorado,2023,6,4940634,724,151,417,156,8
colorado,2023,7,4940634,740,139,433,168,8
colorado,2023,8,4940634,789,183,437,169,8
colorado,2023,9,4940634,730,147,425,158,8
colorado,2023,10,4940634,698,161,390,147,8
colorado,2023,11,4940634,618,103,360,155,8
colorado,2023,12,4940634,524,92,316,116,8
colorado,2024,1,5008566.999999995,669,122,382,165,8
colorado,2024,2,5008566.999999995,713,120,424,169,8
colorado,2024,3,5008566.999999995,728,107,422,199,8
colorado,2024,4,5008566.999999995,736,136,412,188,8
colorado,2024,5,5008566.999999995,698,105,415,178,8
colorado,2024,6,5008566.999999995,721,114,436,171,8
colorado,2024,7,5008566.999999995,826,150,470,206,8
colorado,2024,8,5008566.999999995,838,132,512,194,8
colorado,2024,9,5008566.999999995,735,86,479,170,8
colorado,2024,10,5008566.999999995,674,42,441,191,8
colorado,2024,11,5008566.999999995,623,62,378,183,8
colorado,2024,12,5008566.999999995,651,103,360,188,8
connecticut,2018,1,3175644.9999999986,354,26,54,274,9
connecticut,2018,2,3175644.9999999986,340,23,45,272,9
connecticut,2018,3,3175644.9999999986,351,32,45,274,9
connecticut,2018,4,3175644.9999999986,327,26,52,249,9
connecticut,2018,5,3175644.9999999986,359,18,47,294,9
connecticut,2018,6,3175644.9999999986,363,29,43,291,9
connecticut,2018,7,3175644.9999999986,406,27,62,317,9
connecticut,2018,8,3175644.9999999986,386,24,36,326,9
connecticut,2018,9,3175644.9999999986,321,23,45,253,9
connecticut,2018,10,3175644.9999999986,386,28,48,310,9
connecticut,2018,11,3175644.9999999986,291,24,41,226,9
connecticut,2018,12,3175644.9999999986,241,11,28,202,9
connecticut,2019,1,3169984.0000000014,254,9,35,210,9
connecticut,2019,2,3169984.0000000014,285,18,44,223,9
connecticut,2019,3,3169984.0000000014,367,23,48,296,9
connecticut,2019,4,3169984.0000000014,281,28,52,201,9
connecticut,2019,5,3169984.0000000014,297,24,56,217,9
connecticut,2019,6,3169984.0000000014,313,27,44,242,9
connecticut,2019,7,3169984.0000000014,304,35,46,223,9
connecticut,2019,8,3169984.0000000014,321,16,54,251,9
connecticut,2019,9,3169984.0000000014,317,19,52,246,9
connecticut,2019,10,3169984.0000000014,270,25,32,213,9
connecticut,2019,11,3169984.0000000014,276,17,40,219,9
connecticut,2019,12,3169984.0000000014,237,19,28,190,9
connecticut,2020,1,3161961.000000004,296,21,43,232,9
connecticut,2020,2,3161961.000000004,313,19,41,253,9
connecticut,2020,3,3161961.000000004,215,11,41,163,9
connecticut,2020,4,3161961.000000004,110,5,14,91,9
connecticut,2020,5,3161961.000000004,212,19,43,150,9
connecticut,2020,6,3161961.000000004,137,5,23,109,9
connecticut,2020,7,3161961.000000004,173,9,36,128,9
connecticut,2020,8,3161961.000000004,109,7,14,88,9
connecticut,2020,9,3161961.000000004,186,10,31,145,9
connecticut,2020,10,3161961.000000004,185,9,27,149,9
connecticut,2020,11,3161961.000000004,169,18,23,128,9
connecticut,2020,12,3161961.000000004,143,13,22,108,9
connecticut,2021,1,3211686,184,16,40,128,9
connecticut,2021,2,3211686,152,8,32,112,9
connecticut,2021,3,3211686,200,12,50,138,9
connecticut,2021,4,3211686,207,15,42,150,9
connecticut,2021,5,3211686,179,21,38,120,9
connecticut,2021,6,3211686,159,15,31,113,9
connecticut,2021,7,3211686,165,14,27,124,9
connecticut,2021,8,3211686,183,11,21,151,9
connecticut,2021,9,3211686,154,18,10,126,9
connecticut,2021,10,3211686,159,17,33,109,9
connecticut,2021,11,3211686,127,11,18,98,9
connecticut,2021,12,3211686,136,18,14,104,9
connecticut,2022,1,3229916.999999996,140,11,21,108,9
connecticut,2022,2,3229916.999999996,168,13,13,142,9
connecticut,2022,3,3229916.999999996,226,23,26,177,9
connecticut,2022,4,3229916.999999996,169,15,22,132,9
connecticut,2022,5,3229916.999999996,140,17,25,98,9
connecticut,2022,6,3229916.999999996,170,18,30,122,9
connecticut,2022,7,3229916.999999996,159,13,18,128,9
connecticut,2022,8,3229916.999999996,161,7,16,138,9
connecticut,2022,9,3229916.999999996,157,13,19,125,9
connecticut,2022,10,3229916.999999996,142,14,24,104,9
connecticut,2022,11,3229916.999999996,147,8,27,112,9
connecticut,2022,12,3229916.999999996,162,12,13,137,9
connecticut,2023,1,3200388.9999999986,163,19,28,116,9
connecticut,2023,2,3200388.9999999986,161,14,29,118,9
connecticut,2023,3,3200388.9999999986,175,21,21,133,9
connecticut,2023,4,3200388.9999999986,150,13,20,117,9
connecticut,2023,5,3200388.9999999986,167,17,23,127,9
connecticut,2023,6,3200388.9999999986,183,16,25,142,9
connecticut,2023,7,3200388.9999999986,176,22,20,134,9
connecticut,2023,8,3200388.9999999986,178,12,29,137,9
connecticut,2023,9,3200388.9999999986,148,15,28,105,9
connecticut,2023,10,3200388.9999999986,168,19,25,124,9
connecticut,2023,11,3200388.9999999986,157,17,21,119,9
connecticut,2023,12,3200388.9999999986,135,8,30,97,9
connecticut,2024,1,3258213.0000000014,159,17,18,124,9
connecticut,2024,2,3258213.0000000014,154,19,30,105,9
connecticut,2024,3,3258213.0000000014,151,15,18,118,9
connecticut,2024,4,3258213.0000000014,183,19,31,133,9
connecticut,2024,5,3258213.0000000014,194,21,20,153,9
connecticut,2024,6,3258213.0000000014,141,14,27,100,9
connecticut,2024,7,3258213.0000000014,218,20,28,170,9
connecticut,2024,8,3258213.0000000014,219,30,39,150,9
connecticut,2024,9,3258213.0000000014,173,15,29,129,9
connecticut,2024,10,3258213.0000000014,162,15,21,126,9
connecticut,2024,11,3258213.0000000014,142,18,24,100,9
connecticut,2024,12,3258213.0000000014,129,13,14,102,9
delaware,2018,1,932965,134,13,14,107,10
delaware,2018,2,932965,132,9,18,105,10
delaware,2018,3,932965,115,4,14,97,10
delaware,2018,4,932965,105,6,19,80,10
delaware,2018,5,932965,109,2,19,88,10
delaware,2018,6,932965,138,5,20,113,10
delaware,2018,7,932965,135,6,23,106,10
delaware,2018,8,932965,132,8,13,111,10
delaware,2018,9,932965,119,2,26,91,10
delaware,2018,10,932965,112,7,17,88,10
delaware,2018,11,932965,124,6,13,105,10
delaware,2018,12,932965,105,7,15,83,10
delaware,2019,1,938746.0000000005,133,4,25,104,10
delaware,2019,2,938746.0000000005,111,8,17,86,10
delaware,2019,3,938746.0000000005,125,8,26,91,10
delaware,2019,4,938746.0000000005,110,4,18,88,10
delaware,2019,5,938746.0000000005,137,14,19,104,10
delaware,2019,6,938746.0000000005,133,8,13,112,10
delaware,2019,7,938746.0000000005,127,5,25,97,10
delaware,2019,8,938746.0000000005,170,7,32,131,10
delaware,2019,9,938746.0000000005,147,5,26,116,10
delaware,2019,10,938746.0000000005,156,9,27,120,10
delaware,2019,11,938746.0000000005,124,7,21,96,10
delaware,2019,12,938746.0000000005,104,7,24,73,10
delaware,2020,1,950882.9999999998,143,10,24,109,10
delaware,2020,2,950882.9999999998,169,11,30,128,10
delaware,2020,3,950882.9999999998,126,6,22,98,10
delaware,2020,4,950882.9999999998,69,1,12,56,10
delaware,2020,5,950882.9999999998,114,4,34,76,10
delaware,2020,6,950882.9999999998,90,1,26,63,10
delaware,2020,7,950882.9999999998,111,3,37,71,10
delaware,2020,8,950882.9999999998,132,5,39,88,10
delaware,2020,9,950882.9999999998,143,9,23,111,10
delaware,2020,10,950882.9999999998,147,9,28,110,10
delaware,2020,11,950882.9999999998,136,8,32,96,10
delaware,2020,12,950882.9999999998,115,8,35,72,10
delaware,2021,1,966117,156,10,37,109,10
delaware,2021,2,966117,152,12,39,101,10
delaware,2021,3,966117,176,10,38,128,10
delaware,2021,4,966117,158,5,40,113,10
delaware,2021,5,966117,136,7,26,103,10
delaware,2021,6,966117,159,4,34,121,10
delaware,2021,7,966117,187,8,43,136,10
delaware,2021,8,966117,161,3,38,120,10
delaware,2021,9,966117,134,1,32,101,10
delaware,2021,10,966117,110,3,25,82,10
delaware,2021,11,966117,101,6,26,69,10
delaware,2021,12,966117,101,5,17,79,10
delaware,2022,1,977400.9999999997,108,6,29,73,10
delaware,2022,2,977400.9999999997,120,4,25,91,10
delaware,2022,3,977400.9999999997,154,1,39,114,10
delaware,2022,4,977400.9999999997,134,2,34,98,10
delaware,2022,5,977400.9999999997,129,4,33,92,10
delaware,2022,6,977400.9999999997,166,4,32,130,10
delaware,2022,7,977400.9999999997,167,9,36,122,10
delaware,2022,8,977400.9999999997,163,5,35,123,10
delaware,2022,9,977400.9999999997,166,6,32,128,10
delaware,2022,10,977400.9999999997,161,8,25,128,10
delaware,2022,11,977400.9999999997,148,4,33,111,10
delaware,2022,12,977400.9999999997,132,5,35,92,10
delaware,2023,1,989378.9999999997,137,5,38,94,10
delaware,2023,2,989378.9999999997,163,5,42,116,10
delaware,2023,3,989378.9999999997,192,6,40,146,10
delaware,2023,4,989378.9999999997,121,1,37,83,10
delaware,2023,5,989378.9999999997,134,4,27,103,10
delaware,2023,6,989378.9999999997,131,5,26,100,10
delaware,2023,7,989378.9999999997,146,5,23,118,10
delaware,2023,8,989378.9999999997,145,5,34,106,10
delaware,2023,9,989378.9999999997,110,3,19,88,10
delaware,2023,10,989378.9999999997,131,7,22,102,10
delaware,2023,11,989378.9999999997,148,3,35,110,10
delaware,2023,12,989378.9999999997,127,2,22,103,10
delaware,2024,1,1008538.9999999997,139,7,22,110,10
delaware,2024,2,1008538.9999999997,148,1,37,110,10
delaware,2024,3,1008538.9999999997,143,4,35,104,10
delaware,2024,4,1008538.9999999997,144,11,33,100,10
delaware,2024,5,1008538.9999999997,149,3,30,116,10
delaware,2024,6,1008538.9999999997,134,4,20,110,10
delaware,2024,7,1008538.9999999997,189,6,44,139,10
delaware,2024,8,1008538.9999999997,151,4,40,107,10
delaware,2024,9,1008538.9999999997,155,4,32,119,10
delaware,2024,10,1008538.9999999997,183,3,45,135,10
delaware,2024,11,1008538.9999999997,124,4,23,97,10
delaware,2024,12,1008538.9999999997,143,2,24,117,10
district of columbia,2018,1,0,2,0,1,1,11
district of columbia,2018,2,0,4,0,2,2,11
district of columbia,2018,3,0,3,0,2,1,11
district of columbia,2018,4,0,2,0,2,0,11
district of columbia,2018,5,0,4,0,1,3,11
district of columbia,2018,6,0,5,0,2,3,11
district of columbia,2018,7,0,6,0,5,1,11
district of columbia,2018,8,0,7,0,2,5,11
district of columbia,2018,9,0,7,1,3,3,11
district of columbia,2018,10,0,2,0,1,1,11
district of columbia,2018,11,0,4,0,2,2,11
district of columbia,2018,12,0,2,0,2,0,11
district of columbia,2019,1,0,5,0,1,4,11
district of columbia,2019,2,0,24,1,15,8,11
district of columbia,2019,3,0,16,0,11,5,11
district of columbia,2019,4,0,28,1,20,7,11
district of columbia,2019,5,0,18,0,16,2,11
district of columbia,2019,6,0,14,1,10,3,11
district of columbia,2019,7,0,13,0,5,8,11
district of columbia,2019,8,0,18,1,14,3,11
district of columbia,2019,9,0,16,0,15,1,11
district of columbia,2019,10,0,24,0,18,6,11
district of columbia,2019,11,0,19,0,15,4,11
district of columbia,2019,12,0,11,0,10,1,11
district of columbia,2020,1,0,18,0,12,6,11
district of columbia,2020,2,0,18,0,15,3,11
district of columbia,2020,3,0,6,0,5,1,11
district of columbia,2020,4,0,3,0,3,0,11
district of columbia,2020,5,0,0,0,0,0,11
district of columbia,2020,6,0,0,0,0,0,11
district of columbia,2020,7,0,1,0,1,0,11
district of columbia,2020,8,0,5,0,2,3,11
district of columbia,2020,9,0,1,0,1,0,11
district of columbia,2020,10,0,1,0,0,1,11
district of columbia,2020,11,0,1,0,1,0,11
district of columbia,2020,12,0,4,0,4,0,11
district of columbia,2021,1,0,2,0,1,1,11
district of columbia,2021,2,0,2,0,2,0,11
district of columbia,2021,3,0,15,0,12,3,11
district of columbia,2021,4,0,2,0,1,1,11
district of columbia,2021,5,0,3,0,0,3,11
district of columbia,2021,6,0,1,0,0,1,11
district of columbia,2021,7,0,5,0,2,3,11
district of columbia,2021,8,0,2,0,1,1,11
district of columbia,2021,9,0,2,1,1,0,11
district of columbia,2021,10,0,6,0,5,1,11
district of columbia,2021,11,0,1,1,0,0,11
district of columbia,2021,12,0,0,0,0,0,11
district of columbia,2022,1,0,0,0,0,0,11
district of columbia,2022,2,0,1,0,0,1,11
district of columbia,2022,3,0,2,0,0,2,11
district of columbia,2022,4,0,6,1,3,2,11
district of columbia,2022,5,0,3,0,2,1,11
district of columbia,2022,6,0,7,2,5,0,11
district of columbia,2022,7,0,5,1,2,2,11
district of columbia,2022,8,0,7,1,3,3,11
district of columbia,2022,9,0,5,2,3,0,11
district of columbia,2022,10,0,8,0,4,4,11
district of columbia,2022,11,0,2,0,2,0,11
district of columbia,2022,12,0,11,1,7,3,11
district of columbia,2023,1,0,7,1,4,2,11
district of columbia,2023,2,0,4,0,1,3,11
district of columbia,2023,3,0,6,2,2,2,11
district of columbia,2023,4,0,9,3,4,2,11
district of columbia,2023,5,0,6,1,1,4,11
district of columbia,2023,6,0,9,2,3,4,11
district of columbia,2023,7,0,9,3,4,2,11
district of columbia,2023,8,0,12,5,2,5,11
district of columbia,2023,9,0,5,1,2,2,11
district of columbia,2023,10,0,15,2,5,8,11
district of columbia,2023,11,0,10,1,2,7,11
district of columbia,2023,12,0,17,2,6,9,11
district of columbia,2024,1,0,22,3,7,12,11
district of columbia,2024,2,0,21,1,3,17,11
district of columbia,2024,3,0,17,1,6,10,11
district of columbia,2024,4,0,18,2,5,11,11
district of columbia,2024,5,0,9,2,3,4,11
district of columbia,2024,6,0,11,0,5,6,11
district of columbia,2024,7,0,4,1,1,2,11
district of columbia,2024,8,0,5,0,3,2,11
district of columbia,2024,9,0,4,1,1,2,11
district of columbia,2024,10,0,7,1,0,6,11
district of columbia,2024,11,0,5,1,1,3,11
district of columbia,2024,12,0,3,0,0,3,11
georgia,2018,1,3161272.0000000005,365,123,103,139,13
georgia,2018,2,3161272.0000000005,433,145,112,176,13
georgia,2018,3,3161272.0000000005,468,140,135,193,13
georgia,2018,4,3161272.0000000005,442,115,159,168,13
georgia,2018,5,3161272.0000000005,429,127,130,172,13
georgia,2018,6,3161272.0000000005,436,128,138,170,13
georgia,2018,7,3161272.0000000005,479,137,153,189,13
georgia,2018,8,3161272.0000000005,442,110,167,165,13
georgia,2018,9,3161272.0000000005,416,125,132,159,13
georgia,2018,10,3161272.0000000005,391,108,124,159,13
georgia,2018,11,3161272.0000000005,379,103,122,154,13
georgia,2018,12,3161272.0000000005,316,86,107,123,13
georgia,2019,1,3203279.9999999967,457,133,188,136,13
georgia,2019,2,3203279.9999999967,436,110,179,147,13
georgia,2019,3,3203279.9999999967,540,155,222,163,13
georgia,2019,4,3203279.9999999967,456,120,185,151,13
georgia,2019,5,3203279.9999999967,421,121,174,126,13
georgia,2019,6,3203279.9999999967,497,137,193,167,13
georgia,2019,7,3203279.9999999967,484,101,215,168,13
georgia,2019,8,3203279.9999999967,424,60,229,135,13
georgia,2019,9,3203279.9999999967,360,43,211,106,13
georgia,2019,10,3203279.9999999967,405,32,274,99,13
georgia,2019,11,3203279.9999999967,397,16,292,89,13
georgia,2019,12,3203279.9999999967,314,20,222,72,13
georgia,2020,1,3235377.9999999967,436,33,288,115,13
georgia,2020,2,3235377.9999999967,389,13,298,78,13
georgia,2020,3,3235377.9999999967,338,15,265,58,13
georgia,2020,4,3235377.9999999967,208,13,147,48,13
georgia,2020,5,3235377.9999999967,462,31,321,110,13
georgia,2020,6,3235377.9999999967,301,17,241,43,13
georgia,2020,7,3235377.9999999967,468,23,346,99,13
georgia,2020,8,3235377.9999999967,466,22,363,81,13
georgia,2020,9,3235377.9999999967,472,28,347,97,13
georgia,2020,10,3235377.9999999967,429,26,319,84,13
georgia,2020,11,3235377.9999999967,417,17,314,86,13
georgia,2020,12,3235377.9999999967,412,18,294,100,13
georgia,2021,1,3266293.9999999986,461,22,337,102,13
georgia,2021,2,3266293.9999999986,444,20,331,93,13
georgia,2021,3,3266293.9999999986,618,31,453,134,13
georgia,2021,4,3266293.9999999986,630,35,481,114,13
georgia,2021,5,3266293.9999999986,587,37,420,130,13
georgia,2021,6,3266293.9999999986,601,36,471,94,13
georgia,2021,7,3266293.9999999986,561,22,435,104,13
georgia,2021,8,3266293.9999999986,495,32,359,104,13
georgia,2021,9,3266293.9999999986,514,39,385,90,13
georgia,2021,10,3266293.9999999986,490,18,379,93,13
georgia,2021,11,3266293.9999999986,509,22,401,86,13
georgia,2021,12,3266293.9999999986,472,28,328,116,13
georgia,2022,1,3302581.9999999986,479,21,334,124,13
georgia,2022,2,3302581.9999999986,481,24,357,100,13
georgia,2022,3,3302581.9999999986,610,32,436,142,13
georgia,2022,4,3302581.9999999986,495,39,349,107,13
georgia,2022,5,3302581.9999999986,567,19,442,106,13
georgia,2022,6,3302581.9999999986,489,22,366,101,13
georgia,2022,7,3302581.9999999986,457,30,325,102,13
georgia,2022,8,3302581.9999999986,556,19,426,111,13
georgia,2022,9,3302581.9999999986,471,24,356,91,13
georgia,2022,10,3302581.9999999986,470,19,351,100,13
georgia,2022,11,3302581.9999999986,465,21,354,90,13
georgia,2022,12,3302581.9999999986,388,21,285,82,13
georgia,2023,1,3344996.0000000023,480,22,383,75,13
georgia,2023,2,3344996.0000000023,426,29,327,70,13
georgia,2023,3,3344996.0000000023,490,19,370,101,13
georgia,2023,4,3344996.0000000023,458,23,346,89,13
georgia,2023,5,3344996.0000000023,535,36,395,104,13
georgia,2023,6,3344996.0000000023,458,32,336,90,13
georgia,2023,7,3344996.0000000023,485,31,351,103,13
georgia,2023,8,3344996.0000000023,434,22,317,95,13
georgia,2023,9,3344996.0000000023,452,30,332,90,13
georgia,2023,10,3344996.0000000023,476,31,342,103,13
georgia,2023,11,3344996.0000000023,439,36,329,74,13
georgia,2023,12,3344996.0000000023,395,24,287,84,13
georgia,2024,1,3392934,402,19,300,83,13
georgia,2024,2,3392934,459,39,329,91,13
georgia,2024,3,3392934,400,38,289,73,13
georgia,2024,4,3392934,396,25,305,66,13
georgia,2024,5,3392934,480,43,338,99,13
georgia,2024,6,3392934,442,32,327,83,13
georgia,2024,7,3392934,475,41,341,93,13
georgia,2024,8,3392934,457,31,332,94,13
georgia,2024,9,3392934,405,26,294,85,13
georgia,2024,10,3392934,404,29,291,84,13
georgia,2024,11,3392934,342,24,242,76,13
georgia,2024,12,3392934,343,22,259,62,13
hawaii,2018,1,1054082,28,1,23,4,15
hawaii,2018,2,1054082,62,3,49,10,15
hawaii,2018,3,1054082,48,0,37,11,15
hawaii,2018,4,1054082,51,1,41,9,15
hawaii,2018,5,1054082,74,0,57,17,15
hawaii,2018,6,1054082,68,0,57,11,15
hawaii,2018,7,1054082,58,1,45,12,15
hawaii,2018,8,1054082,61,0,47,14,15
hawaii,2018,9,1054082,47,1,33,13,15
hawaii,2018,10,1054082,76,2,57,17,15
hawaii,2018,11,1054082,56,0,44,12,15
hawaii,2018,12,1054082,73,3,64,6,15
hawaii,2019,1,1047067,79,3,61,15,15
hawaii,2019,2,1047067,60,0,49,11,15
hawaii,2019,3,1047067,71,0,59,12,15
hawaii,2019,4,1047067,74,0,65,9,15
hawaii,2019,5,1047067,62,2,48,12,15
hawaii,2019,6,1047067,75,3,60,12,15
hawaii,2019,7,1047067,58,0,50,8,15
hawaii,2019,8,1047067,69,1,60,8,15
hawaii,2019,9,1047067,64,2,56,6,15
hawaii,2019,10,1047067,65,1,48,16,15
hawaii,2019,11,1047067,57,0,47,10,15
hawaii,2019,12,1047067,65,0,61,4,15
hawaii,2020,1,1038559.0000000001,88,1,68,19,15
hawaii,2020,2,1038559.0000000001,77,0,65,12,15
hawaii,2020,3,1038559.0000000001,75,0,67,8,15
hawaii,2020,4,1038559.0000000001,61,0,59,2,15
hawaii,2020,5,1038559.0000000001,61,0,54,7,15
hawaii,2020,6,1038559.0000000001,60,0,47,13,15
hawaii,2020,7,1038559.0000000001,64,1,46,17,15
hawaii,2020,8,1038559.0000000001,66,0,48,18,15
hawaii,2020,9,1038559.0000000001,46,1,41,4,15
hawaii,2020,10,1038559.0000000001,71,1,59,11,15
hawaii,2020,11,1038559.0000000001,40,2,33,5,15
hawaii,2020,12,1038559.0000000001,52,0,46,6,15
hawaii,2021,1,1059012,68,1,54,13,15
hawaii,2021,2,1059012,58,1,52,5,15
hawaii,2021,3,1059012,72,0,62,10,15
hawaii,2021,4,1059012,71,0,64,7,15
hawaii,2021,5,1059012,56,2,46,8,15
hawaii,2021,6,1059012,57,0,37,20,15
hawaii,2021,7,1059012,85,0,69,16,15
hawaii,2021,8,1059012,75,0,60,15,15
hawaii,2021,9,1059012,106,0,88,18,15
hawaii,2021,10,1059012,92,1,81,10,15
hawaii,2021,11,1059012,58,2,50,6,15
hawaii,2021,12,1059012,39,0,33,6,15
hawaii,2022,1,1068961,51,2,44,5,15
hawaii,2022,2,1068961,57,2,48,7,15
hawaii,2022,3,1068961,62,0,50,12,15
hawaii,2022,4,1068961,68,3,60,5,15
hawaii,2022,5,1068961,71,0,60,11,15
hawaii,2022,6,1068961,68,0,59,9,15
hawaii,2022,7,1068961,59,0,52,7,15
hawaii,2022,8,1068961,40,0,37,3,15
hawaii,2022,9,1068961,41,1,36,4,15
hawaii,2022,10,1068961,47,1,35,11,15
hawaii,2022,11,1068961,62,0,50,12,15
hawaii,2022,12,1068961,56,0,50,6,15
hawaii,2023,1,1061681,57,0,43,14,15
hawaii,2023,2,1061681,44,3,34,7,15
hawaii,2023,3,1061681,49,1,37,11,15
hawaii,2023,4,1061681,47,2,36,9,15
hawaii,2023,5,1061681,52,0,47,5,15
hawaii,2023,6,1061681,62,1,51,10,15
hawaii,2023,7,1061681,50,0,42,8,15
hawaii,2023,8,1061681,62,0,53,9,15
hawaii,2023,9,1061681,69,0,57,12,15
hawaii,2023,10,1061681,52,0,44,8,15
hawaii,2023,11,1061681,31,0,21,10,15
hawaii,2023,12,1061681,19,1,15,3,15
hawaii,2024,1,1067884,59,1,48,10,15
hawaii,2024,2,1067884,64,0,54,10,15
hawaii,2024,3,1067884,51,2,41,8,15
hawaii,2024,4,1067884,40,1,29,10,15
hawaii,2024,5,1067884,44,1,34,9,15
hawaii,2024,6,1067884,56,1,47,8,15
hawaii,2024,7,1067884,48,1,36,11,15
hawaii,2024,8,1067884,44,0,35,9,15
hawaii,2024,9,1067884,33,1,24,8,15
hawaii,2024,10,1067884,49,1,41,7,15
hawaii,2024,11,1067884,34,0,28,6,15
hawaii,2024,12,1067884,34,1,27,6,15
idaho,2018,1,1399801.9999999988,378,8,307,63,16
idaho,2018,2,1399801.9999999988,371,20,262,89,16
idaho,2018,3,1399801.9999999988,489,21,361,107,16
idaho,2018,4,1399801.9999999988,330,12,245,73,16
idaho,2018,5,1399801.9999999988,352,15,266,71,16
idaho,2018,6,1399801.9999999988,313,13,231,69,16
idaho,2018,7,1399801.9999999988,416,18,310,88,16
idaho,2018,8,1399801.9999999988,389,10,297,82,16
idaho,2018,9,1399801.9999999988,335,28,243,64,16
idaho,2018,10,1399801.9999999988,329,15,234,80,16
idaho,2018,11,1399801.9999999988,305,16,218,71,16
idaho,2018,12,1399801.9999999988,348,5,278,65,16
idaho,2019,1,1423949.0000000014,335,13,249,73,16
idaho,2019,2,1423949.0000000014,311,7,246,58,16
idaho,2019,3,1423949.0000000014,400,10,285,105,16
idaho,2019,4,1423949.0000000014,333,11,253,69,16
idaho,2019,5,1423949.0000000014,336,20,239,77,16
idaho,2019,6,1423949.0000000014,319,14,257,48,16
idaho,2019,7,1423949.0000000014,325,7,261,57,16
idaho,2019,8,1423949.0000000014,341,6,260,75,16
idaho,2019,9,1423949.0000000014,317,7,227,83,16
idaho,2019,10,1423949.0000000014,329,11,233,85,16
idaho,2019,11,1423949.0000000014,306,13,202,91,16
idaho,2019,12,1423949.0000000014,296,9,234,53,16
idaho,2020,1,1456093,312,12,241,59,16
idaho,2020,2,1456093,288,8,204,76,16
idaho,2020,3,1456093,248,17,180,51,16
idaho,2020,4,1456093,162,2,116,44,16
idaho,2020,5,1456093,355,9,271,75,16
idaho,2020,6,1456093,277,17,184,76,16
idaho,2020,7,1456093,297,16,201,80,16
idaho,2020,8,1456093,303,14,208,81,16
idaho,2020,9,1456093,284,5,217,62,16
idaho,2020,10,1456093,328,12,235,81,16
idaho,2020,11,1456093,300,16,205,79,16
idaho,2020,12,1456093,355,12,230,113,16
idaho,2021,1,1517247.9999999995,351,7,264,80,16
idaho,2021,2,1517247.9999999995,344,6,262,76,16
idaho,2021,3,1517247.9999999995,412,10,306,96,16
idaho,2021,4,1517247.9999999995,422,8,316,98,16
idaho,2021,5,1517247.9999999995,395,8,296,91,16
idaho,2021,6,1517247.9999999995,362,17,270,75,16
idaho,2021,7,1517247.9999999995,388,14,292,82,16
idaho,2021,8,1517247.9999999995,316,10,245,61,16
idaho,2021,9,1517247.9999999995,342,14,268,60,16
idaho,2021,10,1517247.9999999995,274,11,227,36,16
idaho,2021,11,1517247.9999999995,317,15,262,40,16
idaho,2021,12,1517247.9999999995,316,21,244,51,16
idaho,2022,1,1540118.999999998,283,13,230,40,16
idaho,2022,2,1540118.999999998,314,18,241,55,16
idaho,2022,3,1540118.999999998,346,25,282,39,16
idaho,2022,4,1540118.999999998,340,19,266,55,16
idaho,2022,5,1540118.999999998,299,26,224,49,16
idaho,2022,6,1540118.999999998,316,18,259,39,16
idaho,2022,7,1540118.999999998,329,12,257,60,16
idaho,2022,8,1540118.999999998,330,20,272,38,16
idaho,2022,9,1540118.999999998,330,19,263,48,16
idaho,2022,10,1540118.999999998,291,20,226,45,16
idaho,2022,11,1540118.999999998,286,31,231,24,16
idaho,2022,12,1540118.999999998,289,17,243,29,16
idaho,2023,1,1558344.9999999995,361,29,292,40,16
idaho,2023,2,1558344.9999999995,297,30,223,44,16
idaho,2023,3,1558344.9999999995,373,28,298,47,16
idaho,2023,4,1558344.9999999995,338,35,259,44,16
idaho,2023,5,1558344.9999999995,336,27,266,43,16
idaho,2023,6,1558344.9999999995,360,31,292,37,16
idaho,2023,7,1558344.9999999995,334,30,279,25,16
idaho,2023,8,1558344.9999999995,326,37,257,32,16
idaho,2023,9,1558344.9999999995,315,26,265,24,16
idaho,2023,10,1558344.9999999995,313,28,264,21,16
idaho,2023,11,1558344.9999999995,267,32,204,31,16
idaho,2023,12,1558344.9999999995,296,34,224,38,16
idaho,2024,1,1581168.0000000016,291,23,230,38,16
idaho,2024,2,1581168.0000000016,275,17,220,38,16
idaho,2024,3,1581168.0000000016,301,17,244,40,16
idaho,2024,4,1581168.0000000016,261,20,209,32,16
idaho,2024,5,1581168.0000000016,318,26,257,35,16
idaho,2024,6,1581168.0000000016,300,19,242,39,16
idaho,2024,7,1581168.0000000016,330,31,266,33,16
idaho,2024,8,1581168.0000000016,300,27,239,34,16
idaho,2024,9,1581168.0000000016,259,12,217,30,16
idaho,2024,10,1581168.0000000016,276,19,229,28,16
idaho,2024,11,1581168.0000000016,243,9,210,24,16
idaho,2024,12,1581168.0000000016,242,23,184,35,16
illinois,2018,1,146196,11,0,3,8,17
illinois,2018,2,146196,6,0,2,4,17
illinois,2018,3,146196,18,0,4,14,17
illinois,2018,4,146196,8,1,2,5,17
illinois,2018,5,146196,9,0,1,8,17
illinois,2018,6,146196,10,0,1,9,17
illinois,2018,7,146196,16,3,3,10,17
illinois,2018,8,146196,20,3,3,14,17
illinois,2018,9,146196,13,2,3,8,17
illinois,2018,10,146196,14,0,5,9,17
illinois,2018,11,146196,7,1,2,4,17
illinois,2018,12,146196,6,1,2,3,17
illinois,2019,1,145717,19,0,4,15,17
illinois,2019,2,145717,13,1,6,6,17
illinois,2019,3,145717,14,0,5,9,17
illinois,2019,4,145717,14,0,4,10,17
illinois,2019,5,145717,12,1,4,7,17
illinois,2019,6,145717,16,0,7,9,17
illinois,2019,7,145717,17,1,4,12,17
illinois,2019,8,145717,18,0,3,15,17
illinois,2019,9,145717,15,2,1,12,17
illinois,2019,10,145717,14,1,5,8,17
illinois,2019,11,145717,5,0,2,3,17
illinois,2019,12,145717,13,0,7,6,17
illinois,2020,1,144792,13,0,3,10,17
illinois,2020,2,144792,18,0,3,15,17
illinois,2020,3,144792,17,2,3,12,17
illinois,2020,4,144792,10,2,2,6,17
illinois,2020,5,144792,13,3,5,5,17
illinois,2020,6,144792,5,1,2,2,17
illinois,2020,7,144792,4,0,3,1,17
illinois,2020,8,144792,3,1,1,1,17
illinois,2020,9,144792,9,1,4,4,17
illinois,2020,10,144792,6,1,4,1,17
illinois,2020,11,144792,1,1,0,0,17
illinois,2020,12,144792,2,0,2,0,17
illinois,2021,1,144024,8,0,2,6,17
illinois,2021,2,144024,5,0,1,4,17
illinois,2021,3,144024,10,1,1,8,17
illinois,2021,4,144024,10,1,3,6,17
illinois,2021,5,144024,9,0,2,7,17
illinois,2021,6,144024,11,2,4,5,17
illinois,2021,7,144024,2,0,0,2,17
illinois,2021,8,144024,5,0,3,2,17
illinois,2021,9,144024,6,0,2,4,17
illinois,2021,10,144024,5,0,1,4,17
illinois,2021,11,144024,5,2,1,2,17
illinois,2021,12,144024,5,1,3,1,17
illinois,2022,1,146710,10,0,6,4,17
illinois,2022,2,146710,8,0,5,3,17
illinois,2022,3,146710,4,0,1,3,17
illinois,2022,4,146710,12,2,7,3,17
illinois,2022,5,146710,11,0,7,4,17
illinois,2022,6,146710,3,0,0,3,17
illinois,2022,7,146710,1,0,0,1,17
illinois,2022,8,146710,5,0,1,4,17
illinois,2022,9,146710,6,0,3,3,17
illinois,2022,10,146710,6,1,3,2,17
illinois,2022,11,146710,3,0,1,2,17
illinois,2022,12,146710,1,0,0,1,17
illinois,2023,1,145873,8,0,6,2,17
illinois,2023,2,145873,8,0,3,5,17
illinois,2023,3,145873,15,0,10,5,17
illinois,2023,4,145873,9,0,7,2,17
illinois,2023,5,145873,9,0,3,6,17
illinois,2023,6,145873,1,0,0,1,17
illinois,2023,7,145873,4,0,0,4,17
illinois,2023,8,145873,6,1,0,5,17
illinois,2023,9,145873,16,0,10,6,17
illinois,2023,10,145873,8,0,5,3,17
illinois,2023,11,145873,1,0,0,1,17
illinois,2023,12,145873,9,0,6,3,17
illinois,2024,1,145280,3,0,2,1,17
illinois,2024,2,145280,4,0,2,2,17
illinois,2024,3,145280,8,0,4,4,17
illinois,2024,4,145280,14,0,12,2,17
illinois,2024,5,145280,5,0,3,2,17
illinois,2024,6,145280,10,1,2,7,17
illinois,2024,7,145280,3,0,1,2,17
illinois,2024,8,145280,9,0,4,5,17
illinois,2024,9,145280,7,0,4,3,17
illinois,2024,10,145280,4,0,1,3,17
illinois,2024,11,145280,11,0,2,9,17
illinois,2024,12,145280,5,0,0,5,17
indiana,2018,1,2069297.000000001,310,36,137,137,18
indiana,2018,2,2069297.000000001,296,39,131,126,18
indiana,2018,3,2069297.000000001,428,36,180,212,18
indiana,2018,4,2069297.000000001,346,36,156,154,18
indiana,2018,5,2069297.000000001,348,32,180,136,18
indiana,2018,6,2069297.000000001,351,39,168,144,18
indiana,2018,7,2069297.000000001,373,45,185,143,18
indiana,2018,8,2069297.000000001,350,37,160,153,18
indiana,2018,9,2069297.000000001,360,47,179,134,18
indiana,2018,10,2069297.000000001,275,26,122,127,18
indiana,2018,11,2069297.000000001,233,28,108,97,18
indiana,2018,12,2069297.000000001,247,33,130,84,18
indiana,2019,1,2085436.9999999998,264,41,132,91,18
indiana,2019,2,2085436.9999999998,270,22,165,83,18
indiana,2019,3,2085436.9999999998,403,44,214,145,18
indiana,2019,4,2085436.9999999998,321,36,152,133,18
indiana,2019,5,2085436.9999999998,341,44,163,134,18
indiana,2019,6,2085436.9999999998,245,40,141,64,18
indiana,2019,7,2085436.9999999998,409,38,264,107,18
indiana,2019,8,2085436.9999999998,404,47,238,119,18
indiana,2019,9,2085436.9999999998,386,53,230,103,18
indiana,2019,10,2085436.9999999998,311,30,183,98,18
indiana,2019,11,2085436.9999999998,229,28,147,54,18
indiana,2019,12,2085436.9999999998,260,28,157,75,18
indiana,2020,1,2100796.0000000005,340,42,198,100,18
indiana,2020,2,2100796.0000000005,320,38,176,106,18
indiana,2020,3,2100796.0000000005,243,24,150,69,18
indiana,2020,4,2100796.0000000005,173,14,106,53,18
indiana,2020,5,2100796.0000000005,259,20,162,77,18
indiana,2020,6,2100796.0000000005,252,13,161,78,18
indiana,2020,7,2100796.0000000005,330,27,208,95,18
indiana,2020,8,2100796.0000000005,356,23,228,105,18
indiana,2020,9,2100796.0000000005,307,25,198,84,18
indiana,2020,10,2100796.0000000005,276,17,176,83,18
indiana,2020,11,2100796.0000000005,219,16,145,58,18
indiana,2020,12,2100796.0000000005,213,20,123,70,18
indiana,2021,1,2114148,294,30,181,83,18
indiana,2021,2,2114148,271,24,166,81,18
indiana,2021,3,2114148,432,29,290,113,18
indiana,2021,4,2114148,385,37,255,93,18
indiana,2021,5,2114148,321,23,209,89,18
indiana,2021,6,2114148,303,31,192,80,18
indiana,2021,7,2114148,319,22,202,95,18
indiana,2021,8,2114148,340,22,223,95,18
indiana,2021,9,2114148,299,33,184,82,18
indiana,2021,10,2114148,279,19,190,70,18
indiana,2021,11,2114148,205,18,138,49,18
indiana,2021,12,2114148,227,7,160,60,18
indiana,2022,1,2120636.999999999,223,8,150,65,18
indiana,2022,2,2120636.999999999,233,12,161,60,18
indiana,2022,3,2120636.999999999,270,17,174,79,18
indiana,2022,4,2120636.999999999,279,20,187,72,18
indiana,2022,5,2120636.999999999,225,14,128,83,18
indiana,2022,6,2120636.999999999,269,20,191,58,18
indiana,2022,7,2120636.999999999,236,24,154,58,18
indiana,2022,8,2120636.999999999,243,21,151,71,18
indiana,2022,9,2120636.999999999,231,24,154,53,18
indiana,2022,10,2120636.999999999,222,18,141,63,18
indiana,2022,11,2120636.999999999,191,14,127,50,18
indiana,2022,12,2120636.999999999,177,14,123,40,18
indiana,2023,1,2127925.000000001,245,14,163,68,18
indiana,2023,2,2127925.000000001,207,12,139,56,18
indiana,2023,3,2127925.000000001,296,25,204,67,18
indiana,2023,4,2127925.000000001,257,25,165,67,18
indiana,2023,5,2127925.000000001,260,28,166,66,18
indiana,2023,6,2127925.000000001,296,28,193,75,18
indiana,2023,7,2127925.000000001,269,12,208,49,18
indiana,2023,8,2127925.000000001,256,21,180,55,18
indiana,2023,9,2127925.000000001,247,23,167,57,18
indiana,2023,10,2127925.000000001,222,25,136,61,18
indiana,2023,11,2127925.000000001,202,20,127,55,18
indiana,2023,12,2127925.000000001,179,10,132,37,18
indiana,2024,1,2148275.9999999995,189,22,111,56,18
indiana,2024,2,2148275.9999999995,205,22,114,69,18
indiana,2024,3,2148275.9999999995,269,19,187,63,18
indiana,2024,4,2148275.9999999995,244,12,170,62,18
indiana,2024,5,2148275.9999999995,254,19,172,63,18
indiana,2024,6,2148275.9999999995,232,16,153,63,18
indiana,2024,7,2148275.9999999995,291,25,192,74,18
indiana,2024,8,2148275.9999999995,270,20,181,69,18
indiana,2024,9,2148275.9999999995,254,17,171,66,18
indiana,2024,10,2148275.9999999995,236,27,137,72,18
indiana,2024,11,2148275.9999999995,202,20,120,62,18
indiana,2024,12,2148275.9999999995,176,14,98,64,18
iowa,2018,1,1833849.9999999995,211,4,187,20,19
iowa,2018,2,1833849.9999999995,185,6,159,20,19
iowa,2018,3,1833849.9999999995,236,11,194,31,19
iowa,2018,4,1833849.9999999995,245,7,196,42,19
iowa,2018,5,1833849.9999999995,198,1,181,16,19
iowa,2018,6,1833849.9999999995,212,7,191,14,19
iowa,2018,7,1833849.9999999995,166,6,141,19,19
iowa,2018,8,1833849.9999999995,187,9,157,21,19
iowa,2018,9,1833849.9999999995,202,10,169,23,19
iowa,2018,10,1833849.9999999995,190,7,168,15,19
iowa,2018,11,1833849.9999999995,179,11,147,21,19
iowa,2018,12,1833849.9999999995,181,5,158,18,19
iowa,2019,1,1832485.0000000014,227,5,199,23,19
iowa,2019,2,1832485.0000000014,202,9,176,17,19
iowa,2019,3,1832485.0000000014,241,9,201,31,19
iowa,2019,4,1832485.0000000014,245,5,221,19,19
iowa,2019,5,1832485.0000000014,275,8,242,25,19
iowa,2019,6,1832485.0000000014,248,4,218,26,19
iowa,2019,7,1832485.0000000014,248,8,213,27,19
iowa,2019,8,1832485.0000000014,228,7,199,22,19
iowa,2019,9,1832485.0000000014,274,9,239,26,19
iowa,2019,10,1832485.0000000014,202,9,175,18,19
iowa,2019,11,1832485.0000000014,233,5,198,30,19
iowa,2019,12,1832485.0000000014,235,2,212,21,19
iowa,2020,1,1839605.9999999993,232,12,201,19,19
iowa,2020,2,1839605.9999999993,259,7,236,16,19
iowa,2020,3,1839605.9999999993,210,3,194,13,19
iowa,2020,4,1839605.9999999993,160,2,145,13,19
iowa,2020,5,1839605.9999999993,194,3,167,24,19
iowa,2020,6,1839605.9999999993,153,2,131,20,19
iowa,2020,7,1839605.9999999993,186,8,163,15,19
iowa,2020,8,1839605.9999999993,208,4,180,24,19
iowa,2020,9,1839605.9999999993,236,9,207,20,19
iowa,2020,10,1839605.9999999993,246,0,226,20,19
iowa,2020,11,1839605.9999999993,181,4,162,15,19
iowa,2020,12,1839605.9999999993,199,4,181,14,19
iowa,2021,1,1861493.000000002,219,6,195,18,19
iowa,2021,2,1861493.000000002,190,1,170,19,19
iowa,2021,3,1861493.000000002,359,11,313,35,19
iowa,2021,4,1861493.000000002,322,5,296,21,19
iowa,2021,5,1861493.000000002,286,9,248,29,19
iowa,2021,6,1861493.000000002,242,7,212,23,19
iowa,2021,7,1861493.000000002,301,5,264,32,19
iowa,2021,8,1861493.000000002,286,1,257,28,19
iowa,2021,9,1861493.000000002,292,4,265,23,19
iowa,2021,10,1861493.000000002,239,12,209,18,19
iowa,2021,11,1861493.000000002,268,8,218,42,19
iowa,2021,12,1861493.000000002,246,2,216,28,19
iowa,2022,1,1861861.9999999998,239,4,206,29,19
iowa,2022,2,1861861.9999999998,209,5,180,24,19
iowa,2022,3,1861861.9999999998,275,8,245,22,19
iowa,2022,4,1861861.9999999998,238,5,212,21,19
iowa,2022,5,1861861.9999999998,302,6,269,27,19
iowa,2022,6,1861861.9999999998,237,3,219,15,19
iowa,2022,7,1861861.9999999998,276,5,241,30,19
iowa,2022,8,1861861.9999999998,258,1,231,26,19
iowa,2022,9,1861861.9999999998,262,6,224,32,19
iowa,2022,10,1861861.9999999998,242,1,206,35,19
iowa,2022,11,1861861.9999999998,232,11,188,33,19
iowa,2022,12,1861861.9999999998,234,7,208,19,19
iowa,2023,1,1867279.0000000005,287,7,245,35,19
iowa,2023,2,1867279.0000000005,224,5,186,33,19
iowa,2023,3,1867279.0000000005,274,13,232,29,19
iowa,2023,4,1867279.0000000005,268,5,237,26,19
iowa,2023,5,1867279.0000000005,257,3,231,23,19
iowa,2023,6,1867279.0000000005,249,10,218,21,19
iowa,2023,7,1867279.0000000005,289,8,240,41,19
iowa,2023,8,1867279.0000000005,263,13,221,29,19
iowa,2023,9,1867279.0000000005,270,7,229,34,19
iowa,2023,10,1867279.0000000005,229,4,198,27,19
iowa,2023,11,1867279.0000000005,254,7,216,31,19
iowa,2023,12,1867279.0000000005,274,3,224,47,19
iowa,2024,1,1887418.9999999998,222,4,192,26,19
iowa,2024,2,1887418.9999999998,239,10,195,34,19
iowa,2024,3,1887418.9999999998,289,11,254,24,19
iowa,2024,4,1887418.9999999998,312,14,260,38,19
iowa,2024,5,1887418.9999999998,296,10,250,36,19
iowa,2024,6,1887418.9999999998,285,12,223,50,19
iowa,2024,7,1887418.9999999998,274,4,234,36,19
iowa,2024,8,1887418.9999999998,278,7,231,40,19
iowa,2024,9,1887418.9999999998,251,5,212,34,19
iowa,2024,10,1887418.9999999998,288,2,244,42,19
iowa,2024,11,1887418.9999999998,255,3,215,37,19
iowa,2024,12,1887418.9999999998,228,3,180,45,19
kansas,2018,1,1228387.0000000005,174,9,138,27,20
kansas,2018,2,1228387.0000000005,78,8,61,9,20
kansas,2018,3,1228387.0000000005,25,0,21,4,20
kansas,2018,4,1228387.0000000005,8,0,7,1,20
kansas,2018,5,1228387.0000000005,21,2,18,1,20
kansas,2018,6,1228387.0000000005,6,2,4,0,20
kansas,2018,7,1228387.0000000005,15,0,14,1,20
kansas,2018,8,1228387.0000000005,13,1,12,0,20
kansas,2018,9,1228387.0000000005,22,1,19,2,20
kansas,2018,10,1228387.0000000005,23,0,17,6,20
kansas,2018,11,1228387.0000000005,24,0,22,2,20
kansas,2018,12,1228387.0000000005,61,2,50,9,20
kansas,2019,1,1228377.000000001,171,9,145,17,20
kansas,2019,2,1228377.000000001,187,5,152,30,20
kansas,2019,3,1228377.000000001,245,8,205,32,20
kansas,2019,4,1228377.000000001,226,9,181,36,20
kansas,2019,5,1228377.000000001,226,9,186,31,20
kansas,2019,6,1228377.000000001,248,15,203,30,20
kansas,2019,7,1228377.000000001,213,8,168,37,20
kansas,2019,8,1228377.000000001,208,8,162,38,20
kansas,2019,9,1228377.000000001,178,3,143,32,20
kansas,2019,10,1228377.000000001,225,12,178,35,20
kansas,2019,11,1228377.000000001,197,9,162,26,20
kansas,2019,12,1228377.000000001,209,11,171,27,20
kansas,2020,1,1226493.9999999995,208,5,172,31,20
kansas,2020,2,1226493.9999999995,197,5,165,27,20
kansas,2020,3,1226493.9999999995,194,11,161,22,20
kansas,2020,4,1226493.9999999995,130,2,112,16,20
kansas,2020,5,1226493.9999999995,201,16,134,51,20
kansas,2020,6,1226493.9999999995,177,10,140,27,20
kansas,2020,7,1226493.9999999995,232,5,184,43,20
kansas,2020,8,1226493.9999999995,239,12,193,34,20
kansas,2020,9,1226493.9999999995,209,11,176,22,20
kansas,2020,10,1226493.9999999995,226,15,190,21,20
kansas,2020,11,1226493.9999999995,175,10,142,23,20
kansas,2020,12,1226493.9999999995,222,3,182,37,20
kansas,2021,1,1239137.999999999,232,8,187,37,20
kansas,2021,2,1239137.999999999,214,7,177,30,20
kansas,2021,3,1239137.999999999,291,11,235,45,20
kansas,2021,4,1239137.999999999,275,3,233,39,20
kansas,2021,5,1239137.999999999,275,12,225,38,20
kansas,2021,6,1239137.999999999,257,15,207,35,20
kansas,2021,7,1239137.999999999,256,7,219,30,20
kansas,2021,8,1239137.999999999,276,15,212,49,20
kansas,2021,9,1239137.999999999,255,9,212,34,20
kansas,2021,10,1239137.999999999,219,6,189,24,20
kansas,2021,11,1239137.999999999,200,7,173,20,20
kansas,2021,12,1239137.999999999,222,6,187,29,20
kansas,2022,1,1242814.9999999998,161,9,127,25,20
kansas,2022,2,1242814.9999999998,183,10,153,20,20
kansas,2022,3,1242814.9999999998,267,13,205,49,20
kansas,2022,4,1242814.9999999998,240,12,192,36,20
kansas,2022,5,1242814.9999999998,233,22,192,19,20
kansas,2022,6,1242814.9999999998,262,14,222,26,20
kansas,2022,7,1242814.9999999998,296,21,235,40,20
kansas,2022,8,1242814.9999999998,255,15,208,32,20
kansas,2022,9,1242814.9999999998,268,20,214,34,20
kansas,2022,10,1242814.9999999998,253,28,199,26,20
kansas,2022,11,1242814.9999999998,230,21,183,26,20
kansas,2022,12,1242814.9999999998,194,15,156,23,20
kansas,2023,1,1244534.9999999998,272,24,207,41,20
kansas,2023,2,1244534.9999999998,204,12,158,34,20
kansas,2023,3,1244534.9999999998,219,29,167,23,20
kansas,2023,4,1244534.9999999998,201,13,162,26,20
kansas,2023,5,1244534.9999999998,230,15,183,32,20
kansas,2023,6,1244534.9999999998,210,13,181,16,20
kansas,2023,7,1244534.9999999998,216,18,177,21,20
kansas,2023,8,1244534.9999999998,256,32,194,30,20
kansas,2023,9,1244534.9999999998,219,23,176,20,20
kansas,2023,10,1244534.9999999998,200,24,145,31,20
kansas,2023,11,1244534.9999999998,187,17,135,35,20
kansas,2023,12,1244534.9999999998,179,7,148,24,20
kansas,2024,1,1258107.9999999995,160,19,122,19,20
kansas,2024,2,1258107.9999999995,243,15,198,30,20
kansas,2024,3,1258107.9999999995,246,28,183,35,20
kansas,2024,4,1258107.9999999995,218,18,177,23,20
kansas,2024,5,1258107.9999999995,176,15,142,19,20
kansas,2024,6,1258107.9999999995,212,29,160,23,20
kansas,2024,7,1258107.9999999995,171,9,131,31,20
kansas,2024,8,1258107.9999999995,144,7,114,23,20
kansas,2024,9,1258107.9999999995,163,11,128,24,20
kansas,2024,10,1258107.9999999995,129,8,107,14,20
kansas,2024,11,1258107.9999999995,140,8,109,23,20
kansas,2024,12,1258107.9999999995,129,9,99,21,20
kentucky,2018,1,4045224.999999998,1096,72,727,297,21
kentucky,2018,2,4045224.999999998,1342,103,862,377,21
kentucky,2018,3,4045224.999999998,1374,87,938,349,21
kentucky,2018,4,4045224.999999998,1287,68,856,363,21
kentucky,2018,5,4045224.999999998,1502,83,988,431,21
kentucky,2018,6,4045224.999999998,1364,85,908,371,21
kentucky,2018,7,4045224.999999998,1422,79,976,367,21
kentucky,2018,8,4045224.999999998,1517,86,1002,429,21
kentucky,2018,9,4045224.999999998,1372,68,935,369,21
kentucky,2018,10,4045224.999999998,1285,70,891,324,21
kentucky,2018,11,4045224.999999998,1116,51,775,290,21
kentucky,2018,12,4045224.999999998,1220,56,896,268,21
kentucky,2019,1,4041667.9999999995,1305,65,891,349,21
kentucky,2019,2,4041667.9999999995,1151,48,801,302,21
kentucky,2019,3,4041667.9999999995,1384,72,970,342,21
kentucky,2019,4,4041667.9999999995,1356,57,965,334,21
kentucky,2019,5,4041667.9999999995,1212,58,866,288,21
kentucky,2019,6,4041667.9999999995,1186,68,868,250,21
kentucky,2019,7,4041667.9999999995,1228,54,866,308,21
kentucky,2019,8,4041667.9999999995,1406,59,1034,313,21
kentucky,2019,9,4041667.9999999995,1288,45,920,323,21
kentucky,2019,10,4041667.9999999995,1212,44,883,285,21
kentucky,2019,11,4041667.9999999995,1021,40,759,222,21
kentucky,2019,12,4041667.9999999995,996,37,746,213,21
kentucky,2020,1,4051372.0000000014,1174,52,866,256,21
kentucky,2020,2,4051372.0000000014,1139,41,875,223,21
kentucky,2020,3,4051372.0000000014,978,38,723,217,21
kentucky,2020,4,4051372.0000000014,610,20,403,187,21
kentucky,2020,5,4051372.0000000014,1023,51,672,300,21
kentucky,2020,6,4051372.0000000014,914,42,589,283,21
kentucky,2020,7,4051372.0000000014,961,43,691,227,21
kentucky,2020,8,4051372.0000000014,1080,33,788,259,21
kentucky,2020,9,4051372.0000000014,1011,32,749,230,21
kentucky,2020,10,4051372.0000000014,1079,36,770,273,21
kentucky,2020,11,4051372.0000000014,961,41,678,242,21
kentucky,2020,12,4051372.0000000014,894,24,666,204,21
kentucky,2021,1,4083463.0000000014,995,43,761,191,21
kentucky,2021,2,4083463.0000000014,908,27,671,210,21
kentucky,2021,3,4083463.0000000014,1413,45,1076,292,21
kentucky,2021,4,4083463.0000000014,1364,36,1049,279,21
kentucky,2021,5,4083463.0000000014,1219,44,920,255,21
kentucky,2021,6,4083463.0000000014,1087,44,779,264,21
kentucky,2021,7,4083463.0000000014,1106,30,794,282,21
kentucky,2021,8,4083463.0000000014,1085,41,786,258,21
kentucky,2021,9,4083463.0000000014,1035,27,804,204,21
kentucky,2021,10,4083463.0000000014,949,40,698,211,21
kentucky,2021,11,4083463.0000000014,860,20,645,195,21
kentucky,2021,12,4083463.0000000014,933,20,709,204,21
kentucky,2022,1,4084867.999999998,689,24,494,171,21
kentucky,2022,2,4084867.999999998,589,16,476,97,21
kentucky,2022,3,4084867.999999998,1061,23,827,211,21
kentucky,2022,4,4084867.999999998,1104,23,798,283,21
kentucky,2022,5,4084867.999999998,969,33,720,216,21
kentucky,2022,6,4084867.999999998,1027,34,755,238,21
kentucky,2022,7,4084867.999999998,946,22,731,193,21
kentucky,2022,8,4084867.999999998,1113,21,873,219,21
kentucky,2022,9,4084867.999999998,931,28,728,175,21
kentucky,2022,10,4084867.999999998,975,23,745,207,21
kentucky,2022,11,4084867.999999998,838,18,609,211,21
kentucky,2022,12,4084867.999999998,803,22,600,181,21
kentucky,2023,1,4092948.9999999995,966,37,734,195,21
kentucky,2023,2,4092948.9999999995,995,35,757,203,21
kentucky,2023,3,4092948.9999999995,971,31,748,192,21
kentucky,2023,4,4092948.9999999995,947,32,722,193,21
kentucky,2023,5,4092948.9999999995,1009,35,793,181,21
kentucky,2023,6,4092948.9999999995,955,29,760,166,21
kentucky,2023,7,4092948.9999999995,927,31,728,168,21
kentucky,2023,8,4092948.9999999995,976,33,750,193,21
kentucky,2023,9,4092948.9999999995,870,27,669,174,21
kentucky,2023,10,4092948.9999999995,771,37,588,146,21
kentucky,2023,11,4092948.9999999995,748,24,572,152,21
kentucky,2023,12,4092948.9999999995,818,21,639,158,21
kentucky,2024,1,4153777.000000003,814,23,638,153,21
kentucky,2024,2,4153777.000000003,885,47,680,158,21
kentucky,2024,3,4153777.000000003,947,33,733,181,21
kentucky,2024,4,4153777.000000003,907,31,687,189,21
kentucky,2024,5,4153777.000000003,948,29,715,204,21
kentucky,2024,6,4153777.000000003,914,29,703,182,21
kentucky,2024,7,4153777.000000003,950,44,721,185,21
kentucky,2024,8,4153777.000000003,916,36,682,198,21
kentucky,2024,9,4153777.000000003,814,27,608,179,21
kentucky,2024,10,4153777.000000003,834,38,658,138,21
kentucky,2024,11,4153777.000000003,716,26,540,150,21
kentucky,2024,12,4153777.000000003,667,32,512,123,21
louisiana,2018,1,2332590.9999999995,446,103,211,132,22
louisiana,2018,2,2332590.9999999995,493,125,234,134,22
louisiana,2018,3,2332590.9999999995,560,107,249,204,22
louisiana,2018,4,2332590.9999999995,492,93,217,182,22
louisiana,2018,5,2332590.9999999995,503,92,257,154,22
louisiana,2018,6,2332590.9999999995,515,122,225,168,22
louisiana,2018,7,2332590.9999999995,517,117,263,137,22
louisiana,2018,8,2332590.9999999995,578,162,279,137,22
louisiana,2018,9,2332590.9999999995,458,91,223,144,22
louisiana,2018,10,2332590.9999999995,484,95,211,178,22
louisiana,2018,11,2332590.9999999995,337,77,161,99,22
louisiana,2018,12,2332590.9999999995,373,93,174,106,22
louisiana,2019,1,2334447.0000000005,503,115,277,111,22
louisiana,2019,2,2334447.0000000005,529,64,310,155,22
louisiana,2019,3,2334447.0000000005,628,86,363,179,22
louisiana,2019,4,2334447.0000000005,516,37,329,150,22
louisiana,2019,5,2334447.0000000005,535,37,338,160,22
louisiana,2019,6,2334447.0000000005,522,48,322,152,22
louisiana,2019,7,2334447.0000000005,499,46,294,159,22
louisiana,2019,8,2334447.0000000005,561,76,351,134,22
louisiana,2019,9,2334447.0000000005,526,54,301,171,22
louisiana,2019,10,2334447.0000000005,580,66,340,174,22
louisiana,2019,11,2334447.0000000005,441,36,275,130,22
louisiana,2019,12,2334447.0000000005,440,32,258,150,22
louisiana,2020,1,2339529.000000002,521,40,311,170,22
louisiana,2020,2,2339529.000000002,534,43,332,159,22
louisiana,2020,3,2339529.000000002,394,35,230,129,22
louisiana,2020,4,2339529.000000002,177,12,114,51,22
louisiana,2020,5,2339529.000000002,345,42,224,79,22
louisiana,2020,6,2339529.000000002,338,44,197,97,22
louisiana,2020,7,2339529.000000002,354,24,252,78,22
louisiana,2020,8,2339529.000000002,391,29,268,94,22
louisiana,2020,9,2339529.000000002,327,37,207,83,22
louisiana,2020,10,2339529.000000002,463,40,303,120,22
louisiana,2020,11,2339529.000000002,373,27,249,97,22
louisiana,2020,12,2339529.000000002,379,22,270,87,22
louisiana,2021,1,2331815.9999999986,413,34,277,102,22
louisiana,2021,2,2331815.9999999986,298,25,200,73,22
louisiana,2021,3,2331815.9999999986,445,22,298,125,22
louisiana,2021,4,2331815.9999999986,464,47,291,126,22
louisiana,2021,5,2331815.9999999986,409,41,286,82,22
louisiana,2021,6,2331815.9999999986,462,42,294,126,22
louisiana,2021,7,2331815.9999999986,408,50,258,100,22
louisiana,2021,8,2331815.9999999986,353,28,244,81,22
louisiana,2021,9,2331815.9999999986,448,40,296,112,22
louisiana,2021,10,2331815.9999999986,389,54,265,70,22
louisiana,2021,11,2331815.9999999986,306,12,212,82,22
louisiana,2021,12,2331815.9999999986,352,31,252,69,22
louisiana,2022,1,2347916.0000000014,336,19,229,88,22
louisiana,2022,2,2347916.0000000014,362,18,241,103,22
louisiana,2022,3,2347916.0000000014,469,22,324,123,22
louisiana,2022,4,2347916.0000000014,439,21,298,120,22
louisiana,2022,5,2347916.0000000014,426,36,296,94,22
louisiana,2022,6,2347916.0000000014,396,29,260,107,22
louisiana,2022,7,2347916.0000000014,365,29,272,64,22
louisiana,2022,8,2347916.0000000014,414,43,299,72,22
louisiana,2022,9,2347916.0000000014,390,35,278,77,22
louisiana,2022,10,2347916.0000000014,368,35,263,70,22
louisiana,2022,11,2347916.0000000014,334,25,243,66,22
louisiana,2022,12,2347916.0000000014,318,23,233,62,22
louisiana,2023,1,2357853.9999999986,345,32,230,83,22
louisiana,2023,2,2357853.9999999986,342,24,240,78,22
louisiana,2023,3,2357853.9999999986,443,46,320,77,22
louisiana,2023,4,2357853.9999999986,364,21,267,76,22
louisiana,2023,5,2357853.9999999986,394,35,301,58,22
louisiana,2023,6,2357853.9999999986,380,32,276,72,22
louisiana,2023,7,2357853.9999999986,342,30,251,61,22
louisiana,2023,8,2357853.9999999986,375,26,259,90,22
louisiana,2023,9,2357853.9999999986,398,29,285,84,22
louisiana,2023,10,2357853.9999999986,293,29,201,63,22
louisiana,2023,11,2357853.9999999986,296,25,209,62,22
louisiana,2023,12,2357853.9999999986,332,22,237,73,22
louisiana,2024,1,2383837.000000003,337,24,230,83,22
louisiana,2024,2,2383837.000000003,406,32,291,83,22
louisiana,2024,3,2383837.000000003,382,38,277,67,22
louisiana,2024,4,2383837.000000003,449,40,329,80,22
louisiana,2024,5,2383837.000000003,397,51,269,77,22
louisiana,2024,6,2383837.000000003,410,35,286,89,22
louisiana,2024,7,2383837.000000003,423,30,290,103,22
louisiana,2024,8,2383837.000000003,443,25,347,71,22
louisiana,2024,9,2383837.000000003,262,13,193,56,22
louisiana,2024,10,2383837.000000003,377,42,250,85,22
louisiana,2024,11,2383837.000000003,280,17,199,64,22
louisiana,2024,12,2383837.000000003,285,26,209,50,22
maine,2018,1,1058279.9999999995,110,14,61,35,23
maine,2018,2,1058279.9999999995,112,16,64,32,23
maine,2018,3,1058279.9999999995,147,30,64,53,23
maine,2018,4,1058279.9999999995,134,19,59,56,23
maine,2018,5,1058279.9999999995,147,26,61,60,23
maine,2018,6,1058279.9999999995,143,33,62,48,23
maine,2018,7,1058279.9999999995,122,32,52,38,23
maine,2018,8,1058279.9999999995,164,36,70,58,23
maine,2018,9,1058279.9999999995,149,36,57,56,23
maine,2018,10,1058279.9999999995,132,33,47,52,23
maine,2018,11,1058279.9999999995,92,19,35,38,23
maine,2018,12,1058279.9999999995,95,20,41,34,23
maine,2019,1,1062427.9999999993,126,36,53,37,23
maine,2019,2,1062427.9999999993,152,36,53,63,23
maine,2019,3,1062427.9999999993,143,38,52,53,23
maine,2019,4,1062427.9999999993,127,27,42,58,23
maine,2019,5,1062427.9999999993,152,24,49,79,23
maine,2019,6,1062427.9999999993,150,19,67,64,23
maine,2019,7,1062427.9999999993,134,16,63,55,23
maine,2019,8,1062427.9999999993,193,30,72,91,23
maine,2019,9,1062427.9999999993,199,28,73,98,23
maine,2019,10,1062427.9999999993,150,26,57,67,23
maine,2019,11,1062427.9999999993,141,21,64,56,23
maine,2019,12,1062427.9999999993,149,26,67,56,23
maine,2020,1,1071608.0000000005,141,26,50,65,23
maine,2020,2,1071608.0000000005,142,17,64,61,23
maine,2020,3,1071608.0000000005,102,10,40,52,23
maine,2020,4,1071608.0000000005,85,17,21,47,23
maine,2020,5,1071608.0000000005,173,43,67,63,23
maine,2020,6,1071608.0000000005,137,28,60,49,23
maine,2020,7,1071608.0000000005,174,33,76,65,23
maine,2020,8,1071608.0000000005,163,28,68,67,23
maine,2020,9,1071608.0000000005,183,29,79,75,23
maine,2020,10,1071608.0000000005,110,21,40,49,23
maine,2020,11,1071608.0000000005,130,19,50,61,23
maine,2020,12,1071608.0000000005,92,8,33,51,23
maine,2021,1,1097115.9999999993,110,20,50,40,23
maine,2021,2,1097115.9999999993,89,18,37,34,23
maine,2021,3,1097115.9999999993,167,25,72,70,23
maine,2021,4,1097115.9999999993,195,28,102,65,23
maine,2021,5,1097115.9999999993,155,16,82,57,23
maine,2021,6,1097115.9999999993,164,29,74,61,23
maine,2021,7,1097115.9999999993,164,24,93,47,23
maine,2021,8,1097115.9999999993,163,34,77,52,23
maine,2021,9,1097115.9999999993,155,18,71,66,23
maine,2021,10,1097115.9999999993,136,19,54,63,23
maine,2021,11,1097115.9999999993,146,27,63,56,23
maine,2021,12,1097115.9999999993,107,22,47,38,23
maine,2022,1,1104587.9999999993,105,24,41,40,23
maine,2022,2,1104587.9999999993,101,18,39,44,23
maine,2022,3,1104587.9999999993,146,26,54,66,23
maine,2022,4,1104587.9999999993,165,19,80,66,23
maine,2022,5,1104587.9999999993,138,22,62,54,23
maine,2022,6,1104587.9999999993,145,16,66,63,23
maine,2022,7,1104587.9999999993,153,21,73,59,23
maine,2022,8,1104587.9999999993,151,25,70,56,23
maine,2022,9,1104587.9999999993,144,28,60,56,23
maine,2022,10,1104587.9999999993,149,13,70,66,23
maine,2022,11,1104587.9999999993,127,9,49,69,23
maine,2022,12,1104587.9999999993,119,18,40,61,23
maine,2023,1,1115335.9999999995,155,22,63,70,23
maine,2023,2,1115335.9999999995,184,29,73,82,23
maine,2023,3,1115335.9999999995,182,35,66,81,23
maine,2023,4,1115335.9999999995,127,22,48,57,23
maine,2023,5,1115335.9999999995,198,32,75,91,23
maine,2023,6,1115335.9999999995,171,28,66,77,23
maine,2023,7,1115335.9999999995,181,21,82,78,23
maine,2023,8,1115335.9999999995,195,28,65,102,23
maine,2023,9,1115335.9999999995,173,17,70,86,23
maine,2023,10,1115335.9999999995,148,19,54,75,23
maine,2023,11,1115335.9999999995,118,12,42,64,23
maine,2023,12,1115335.9999999995,141,24,45,72,23
maine,2024,1,1126324.999999999,179,22,70,87,23
maine,2024,2,1126324.999999999,155,20,55,80,23
maine,2024,3,1126324.999999999,167,19,58,90,23
maine,2024,4,1126324.999999999,179,23,67,89,23
maine,2024,5,1126324.999999999,216,24,88,104,23
maine,2024,6,1126324.999999999,174,21,72,81,23
maine,2024,7,1126324.999999999,188,20,78,90,23
maine,2024,8,1126324.999999999,177,24,80,73,23
maine,2024,9,1126324.999999999,213,29,87,97,23
maine,2024,10,1126324.999999999,169,25,78,66,23
maine,2024,11,1126324.999999999,154,27,54,73,23
maine,2024,12,1126324.999999999,135,27,57,51,23
maryland,2018,1,2913195,155,15,49,91,24
maryland,2018,2,2913195,175,16,55,104,24
maryland,2018,3,2913195,233,23,60,150,24
maryland,2018,4,2913195,239,24,69,146,24
maryland,2018,5,2913195,249,27,77,145,24
maryland,2018,6,2913195,233,20,82,131,24
maryland,2018,7,2913195,236,16,77,143,24
maryland,2018,8,2913195,230,20,61,149,24
maryland,2018,9,2913195,239,19,72,148,24
maryland,2018,10,2913195,235,24,76,135,24
maryland,2018,11,2913195,243,17,84,142,24
maryland,2018,12,2913195,218,25,62,131,24
maryland,2019,1,2905961.0000000005,198,18,56,124,24
maryland,2019,2,2905961.0000000005,203,29,55,119,24
maryland,2019,3,2905961.0000000005,245,31,74,140,24
maryland,2019,4,2905961.0000000005,254,18,66,170,24
maryland,2019,5,2905961.0000000005,259,23,72,164,24
maryland,2019,6,2905961.0000000005,286,33,78,175,24
maryland,2019,7,2905961.0000000005,272,26,55,191,24
maryland,2019,8,2905961.0000000005,209,20,48,141,24
maryland,2019,9,2905961.0000000005,222,23,55,144,24
maryland,2019,10,2905961.0000000005,241,21,68,152,24
maryland,2019,11,2905961.0000000005,176,13,52,111,24
maryland,2019,12,2905961.0000000005,200,24,47,129,24
maryland,2020,1,2906419.0000000014,208,20,63,125,24
maryland,2020,2,2906419.0000000014,234,24,64,146,24
maryland,2020,3,2906419.0000000014,162,18,52,92,24
maryland,2020,4,2906419.0000000014,62,9,27,26,24
maryland,2020,5,2906419.0000000014,102,5,40,57,24
maryland,2020,6,2906419.0000000014,109,8,36,65,24
maryland,2020,7,2906419.0000000014,155,22,38,95,24
maryland,2020,8,2906419.0000000014,135,15,45,75,24
maryland,2020,9,2906419.0000000014,132,18,47,67,24
maryland,2020,10,2906419.0000000014,153,15,56,82,24
maryland,2020,11,2906419.0000000014,98,6,31,61,24
maryland,2020,12,2906419.0000000014,134,11,50,73,24
maryland,2021,1,2958426.0000000005,91,5,20,66,24
maryland,2021,2,2958426.0000000005,63,1,23,39,24
maryland,2021,3,2958426.0000000005,93,4,26,63,24
maryland,2021,4,2958426.0000000005,69,4,13,52,24
maryland,2021,5,2958426.0000000005,110,7,22,81,24
maryland,2021,6,2958426.0000000005,115,4,27,84,24
maryland,2021,7,2958426.0000000005,107,6,23,78,24
maryland,2021,8,2958426.0000000005,118,12,39,67,24
maryland,2021,9,2958426.0000000005,111,7,32,72,24
maryland,2021,10,2958426.0000000005,72,2,14,56,24
maryland,2021,11,2958426.0000000005,90,2,22,66,24
maryland,2021,12,2958426.0000000005,64,5,11,48,24
maryland,2022,1,2819878.999999999,105,7,28,70,24
maryland,2022,2,2819878.999999999,102,15,21,66,24
maryland,2022,3,2819878.999999999,92,13,32,47,24
maryland,2022,4,2819878.999999999,80,12,19,49,24
maryland,2022,5,2819878.999999999,98,10,27,61,24
maryland,2022,6,2819878.999999999,91,10,21,60,24
maryland,2022,7,2819878.999999999,99,8,21,70,24
maryland,2022,8,2819878.999999999,84,9,23,52,24
maryland,2022,9,2819878.999999999,69,7,23,39,24
maryland,2022,10,2819878.999999999,80,11,25,44,24
maryland,2022,11,2819878.999999999,70,15,21,34,24
maryland,2022,12,2819878.999999999,66,7,24,35,24
maryland,2023,1,2818781.0000000005,105,13,37,55,24
maryland,2023,2,2818781.0000000005,106,14,41,51,24
maryland,2023,3,2818781.0000000005,93,13,28,52,24
maryland,2023,4,2818781.0000000005,81,3,26,52,24
maryland,2023,5,2818781.0000000005,106,10,28,68,24
maryland,2023,6,2818781.0000000005,89,10,24,55,24
maryland,2023,7,2818781.0000000005,89,15,17,57,24
maryland,2023,8,2818781.0000000005,77,6,24,47,24
maryland,2023,9,2818781.0000000005,85,16,20,49,24
maryland,2023,10,2818781.0000000005,91,12,24,55,24
maryland,2023,11,2818781.0000000005,72,8,22,42,24
maryland,2023,12,2818781.0000000005,71,11,21,39,24
maryland,2024,1,2859737.9999999995,80,11,15,54,24
maryland,2024,2,2859737.9999999995,79,9,17,53,24
maryland,2024,3,2859737.9999999995,100,14,26,60,24
maryland,2024,4,2859737.9999999995,90,8,25,57,24
maryland,2024,5,2859737.9999999995,111,13,29,69,24
maryland,2024,6,2859737.9999999995,82,15,11,56,24
maryland,2024,7,2859737.9999999995,98,16,19,63,24
maryland,2024,8,2859737.9999999995,79,6,22,51,24
maryland,2024,9,2859737.9999999995,112,13,32,67,24
maryland,2024,10,2859737.9999999995,80,4,20,56,24
maryland,2024,11,2859737.9999999995,73,8,20,45,24
maryland,2024,12,2859737.9999999995,73,9,17,47,24
massachusetts,2018,1,5057033.000000005,305,28,35,242,25
massachusetts,2018,2,5057033.000000005,311,39,42,230,25
massachusetts,2018,3,5057033.000000005,360,36,39,285,25
massachusetts,2018,4,5057033.000000005,332,31,28,273,25
massachusetts,2018,5,5057033.000000005,414,41,35,338,25
massachusetts,2018,6,5057033.000000005,499,49,46,404,25
massachusetts,2018,7,5057033.000000005,384,41,43,300,25
massachusetts,2018,8,5057033.000000005,421,65,49,307,25
massachusetts,2018,9,5057033.000000005,345,41,46,258,25
massachusetts,2018,10,5057033.000000005,329,42,28,259,25
massachusetts,2018,11,5057033.000000005,293,36,33,224,25
massachusetts,2018,12,5057033.000000005,272,18,36,218,25
massachusetts,2019,1,5052090.000000001,273,35,35,203,25
massachusetts,2019,2,5052090.000000001,305,48,40,217,25
massachusetts,2019,3,5052090.000000001,354,53,37,264,25
massachusetts,2019,4,5052090.000000001,309,43,38,228,25
massachusetts,2019,5,5052090.000000001,369,57,37,275,25
massachusetts,2019,6,5052090.000000001,338,48,41,249,25
massachusetts,2019,7,5052090.000000001,441,59,30,352,25
massachusetts,2019,8,5052090.000000001,394,57,50,287,25
massachusetts,2019,9,5052090.000000001,308,41,42,225,25
massachusetts,2019,10,5052090.000000001,340,52,39,249,25
massachusetts,2019,11,5052090.000000001,312,40,38,234,25
massachusetts,2019,12,5052090.000000001,193,36,32,125,25
massachusetts,2020,1,5041813.999999998,305,33,51,221,25
massachusetts,2020,2,5041813.999999998,314,28,48,238,25
massachusetts,2020,3,5041813.999999998,186,33,23,130,25
massachusetts,2020,4,5041813.999999998,97,21,13,63,25
massachusetts,2020,5,5041813.999999998,226,31,42,153,25
massachusetts,2020,6,5041813.999999998,214,42,30,142,25
massachusetts,2020,7,5041813.999999998,285,46,45,194,25
massachusetts,2020,8,5041813.999999998,228,32,43,153,25
massachusetts,2020,9,5041813.999999998,292,28,50,214,25
massachusetts,2020,10,5041813.999999998,300,53,27,220,25
massachusetts,2020,11,5041813.999999998,198,25,32,141,25
massachusetts,2020,12,5041813.999999998,191,25,24,142,25
massachusetts,2021,1,5109229.000000011,177,29,29,119,25
massachusetts,2021,2,5109229.000000011,179,30,31,118,25
massachusetts,2021,3,5109229.000000011,239,29,31,179,25
massachusetts,2021,4,5109229.000000011,225,39,38,148,25
massachusetts,2021,5,5109229.000000011,213,18,39,156,25
massachusetts,2021,6,5109229.000000011,237,27,32,178,25
massachusetts,2021,7,5109229.000000011,199,17,33,149,25
massachusetts,2021,8,5109229.000000011,206,24,27,155,25
massachusetts,2021,9,5109229.000000011,198,28,32,138,25
massachusetts,2021,10,5109229.000000011,158,18,28,112,25
massachusetts,2021,11,5109229.000000011,146,16,32,98,25
massachusetts,2021,12,5109229.000000011,165,12,27,126,25
massachusetts,2022,1,5088465.999999996,149,18,22,109,25
massachusetts,2022,2,5088465.999999996,152,16,18,118,25
massachusetts,2022,3,5088465.999999996,191,11,34,146,25
massachusetts,2022,4,5088465.999999996,157,27,18,112,25
massachusetts,2022,5,5088465.999999996,172,14,28,130,25
massachusetts,2022,6,5088465.999999996,204,18,29,157,25
massachusetts,2022,7,5088465.999999996,161,14,39,108,25
massachusetts,2022,8,5088465.999999996,168,18,34,116,25
massachusetts,2022,9,5088465.999999996,186,18,31,137,25
massachusetts,2022,10,5088465.999999996,147,7,27,113,25
massachusetts,2022,11,5088465.999999996,172,27,22,123,25
massachusetts,2022,12,5088465.999999996,158,26,24,108,25
massachusetts,2023,1,5109678.000000001,170,20,34,116,25
massachusetts,2023,2,5109678.000000001,166,26,21,119,25
massachusetts,2023,3,5109678.000000001,212,22,32,158,25
massachusetts,2023,4,5109678.000000001,172,16,44,112,25
massachusetts,2023,5,5109678.000000001,197,22,33,142,25
massachusetts,2023,6,5109678.000000001,188,23,37,128,25
massachusetts,2023,7,5109678.000000001,184,10,21,153,25
massachusetts,2023,8,5109678.000000001,251,17,42,192,25
massachusetts,2023,9,5109678.000000001,234,19,41,174,25
massachusetts,2023,10,5109678.000000001,218,14,37,167,25
massachusetts,2023,11,5109678.000000001,197,18,20,159,25
massachusetts,2023,12,5109678.000000001,153,13,12,128,25
massachusetts,2024,1,5210195,150,15,24,111,25
massachusetts,2024,2,5210195,211,12,34,165,25
massachusetts,2024,3,5210195,229,13,30,186,25
massachusetts,2024,4,5210195,224,12,37,175,25
massachusetts,2024,5,5210195,197,15,31,151,25
massachusetts,2024,6,5210195,203,19,23,161,25
massachusetts,2024,7,5210195,241,13,37,191,25
massachusetts,2024,8,5210195,208,23,25,160,25
massachusetts,2024,9,5210195,149,16,13,120,25
massachusetts,2024,10,5210195,226,16,36,174,25
massachusetts,2024,11,5210195,203,10,27,166,25
massachusetts,2024,12,5210195,163,15,17,131,25
michigan,2018,1,7415520,780,74,311,395,26
michigan,2018,2,7415520,701,64,280,357,26
michigan,2018,3,7415520,861,70,337,454,26
michigan,2018,4,7415520,818,61,312,445,26
michigan,2018,5,7415520,905,59,366,480,26
michigan,2018,6,7415520,823,61,358,404,26
michigan,2018,7,7415520,861,63,366,432,26
michigan,2018,8,7415520,914,51,418,445,26
michigan,2018,9,7415520,837,70,353,414,26
michigan,2018,10,7415520,727,48,325,354,26
michigan,2018,11,7415520,669,51,304,314,26
michigan,2018,12,7415520,655,55,271,329,26
michigan,2019,1,7408068.999999993,626,52,227,347,26
michigan,2019,2,7408068.999999993,616,28,258,330,26
michigan,2019,3,7408068.999999993,748,34,330,384,26
michigan,2019,4,7408068.999999993,756,47,311,398,26
michigan,2019,5,7408068.999999993,823,52,339,432,26
michigan,2019,6,7408068.999999993,720,37,299,384,26
michigan,2019,7,7408068.999999993,849,42,356,451,26
michigan,2019,8,7408068.999999993,765,35,322,408,26
michigan,2019,9,7408068.999999993,723,42,338,343,26
michigan,2019,10,7408068.999999993,806,45,343,418,26
michigan,2019,11,7408068.999999993,659,38,280,341,26
michigan,2019,12,7408068.999999993,732,40,332,360,26
michigan,2020,1,7391096.999999991,754,43,375,336,26
michigan,2020,2,7391096.999999991,786,47,380,359,26
michigan,2020,3,7391096.999999991,532,24,287,221,26
michigan,2020,4,7391096.999999991,253,9,124,120,26
michigan,2020,5,7391096.999999991,525,36,249,240,26
michigan,2020,6,7391096.999999991,504,28,284,192,26
michigan,2020,7,7391096.999999991,719,38,377,304,26
michigan,2020,8,7391096.999999991,886,40,455,391,26
michigan,2020,9,7391096.999999991,803,42,416,345,26
michigan,2020,10,7391096.999999991,802,30,424,348,26
michigan,2020,11,7391096.999999991,597,29,317,251,26
michigan,2020,12,7391096.999999991,619,37,314,268,26
michigan,2021,1,7459566.999999997,767,41,424,302,26
michigan,2021,2,7459566.999999997,683,35,355,293,26
michigan,2021,3,7459566.999999997,852,41,467,344,26
michigan,2021,4,7459566.999999997,812,36,421,355,26
michigan,2021,5,7459566.999999997,808,36,433,339,26
michigan,2021,6,7459566.999999997,735,31,378,326,26
michigan,2021,7,7459566.999999997,905,41,460,404,26
michigan,2021,8,7459566.999999997,857,43,420,394,26
michigan,2021,9,7459566.999999997,747,49,366,332,26
michigan,2021,10,7459566.999999997,757,39,397,321,26
michigan,2021,11,7459566.999999997,655,34,302,319,26
michigan,2021,12,7459566.999999997,624,27,307,290,26
michigan,2022,1,7433008.999999987,588,28,299,261,26
michigan,2022,2,7433008.999999987,644,25,343,276,26
michigan,2022,3,7433008.999999987,782,38,394,350,26
michigan,2022,4,7433008.999999987,791,38,409,344,26
michigan,2022,5,7433008.999999987,803,29,414,360,26
michigan,2022,6,7433008.999999987,677,41,332,304,26
michigan,2022,7,7433008.999999987,701,33,381,287,26
michigan,2022,8,7433008.999999987,700,34,350,316,26
michigan,2022,9,7433008.999999987,714,26,370,318,26
michigan,2022,10,7433008.999999987,655,32,358,265,26
michigan,2022,11,7433008.999999987,653,27,332,294,26
michigan,2022,12,7433008.999999987,613,29,318,266,26
michigan,2023,1,7430328.000000004,768,27,432,309,26
michigan,2023,2,7430328.000000004,601,34,320,247,26
michigan,2023,3,7430328.000000004,712,40,383,289,26
michigan,2023,4,7430328.000000004,705,31,352,322,26
michigan,2023,5,7430328.000000004,675,29,367,279,26
michigan,2023,6,7430328.000000004,705,37,358,310,26
michigan,2023,7,7430328.000000004,674,32,351,291,26
michigan,2023,8,7430328.000000004,727,33,385,309,26
michigan,2023,9,7430328.000000004,676,33,363,280,26
michigan,2023,10,7430328.000000004,644,40,317,287,26
michigan,2023,11,7430328.000000004,675,31,313,331,26
michigan,2023,12,7430328.000000004,664,33,323,308,26
michigan,2024,1,7511689.999999993,588,25,310,253,26
michigan,2024,2,7511689.999999993,717,34,393,290,26
michigan,2024,3,7511689.999999993,722,23,353,346,26
michigan,2024,4,7511689.999999993,741,33,376,332,26
michigan,2024,5,7511689.999999993,743,33,377,333,26
michigan,2024,6,7511689.999999993,669,25,327,317,26
michigan,2024,7,7511689.999999993,668,33,352,283,26
michigan,2024,8,7511689.999999993,708,32,363,313,26
michigan,2024,9,7511689.999999993,672,38,342,292,26
michigan,2024,10,7511689.999999993,643,33,321,289,26
michigan,2024,11,7511689.999999993,570,27,263,280,26
michigan,2024,12,7511689.999999993,476,27,221,228,26
minnesota,2018,1,4385212.999999997,575,44,366,165,27
minnesota,2018,2,4385212.999999997,556,31,370,155,27
minnesota,2018,3,4385212.999999997,690,42,469,179,27
minnesota,2018,4,4385212.999999997,610,34,392,184,27
minnesota,2018,5,4385212.999999997,697,51,454,192,27
minnesota,2018,6,4385212.999999997,581,35,382,164,27
minnesota,2018,7,4385212.999999997,633,32,412,189,27
minnesota,2018,8,4385212.999999997,674,20,446,208,27
minnesota,2018,9,4385212.999999997,634,30,422,182,27
minnesota,2018,10,4385212.999999997,573,41,379,153,27
minnesota,2018,11,4385212.999999997,500,21,321,158,27
minnesota,2018,12,4385212.999999997,597,17,407,173,27
minnesota,2019,1,4408165.000000003,583,27,376,180,27
minnesota,2019,2,4408165.000000003,528,17,379,132,27
minnesota,2019,3,4408165.000000003,660,38,427,195,27
minnesota,2019,4,4408165.000000003,684,32,447,205,27
minnesota,2019,5,4408165.000000003,731,26,469,236,27
minnesota,2019,6,4408165.000000003,650,29,419,202,27
minnesota,2019,7,4408165.000000003,639,28,433,178,27
minnesota,2019,8,4408165.000000003,716,35,509,172,27
minnesota,2019,9,4408165.000000003,612,22,444,146,27
minnesota,2019,10,4408165.000000003,636,28,469,139,27
minnesota,2019,11,4408165.000000003,517,13,385,119,27
minnesota,2019,12,4408165.000000003,557,18,447,92,27
minnesota,2020,1,4421918.999999997,621,23,481,117,27
minnesota,2020,2,4421918.999999997,567,22,424,121,27
minnesota,2020,3,4421918.999999997,539,31,414,94,27
minnesota,2020,4,4421918.999999997,432,31,320,81,27
minnesota,2020,5,4421918.999999997,525,22,374,129,27
minnesota,2020,6,4421918.999999997,349,21,259,69,27
minnesota,2020,7,4421918.999999997,477,28,346,103,27
minnesota,2020,8,4421918.999999997,582,22,443,117,27
minnesota,2020,9,4421918.999999997,651,23,508,120,27
minnesota,2020,10,4421918.999999997,658,24,492,142,27
minnesota,2020,11,4421918.999999997,513,16,397,100,27
minnesota,2020,12,4421918.999999997,555,32,420,103,27
minnesota,2021,1,4465959.999999986,735,10,585,140,27
minnesota,2021,2,4465959.999999986,552,24,422,106,27
minnesota,2021,3,4465959.999999986,811,35,633,143,27
minnesota,2021,4,4465959.999999986,651,27,492,132,27
minnesota,2021,5,4465959.999999986,637,31,497,109,27
minnesota,2021,6,4465959.999999986,681,25,530,126,27
minnesota,2021,7,4465959.999999986,707,22,558,127,27
minnesota,2021,8,4465959.999999986,665,28,511,126,27
minnesota,2021,9,4465959.999999986,633,20,503,110,27
minnesota,2021,10,4465959.999999986,558,29,437,92,27
minnesota,2021,11,4465959.999999986,503,24,390,89,27
minnesota,2021,12,4465959.999999986,527,33,412,82,27
minnesota,2022,1,4499404.000000001,512,32,416,64,27
minnesota,2022,2,4499404.000000001,497,27,372,98,27
minnesota,2022,3,4499404.000000001,678,39,521,118,27
minnesota,2022,4,4499404.000000001,635,44,496,95,27
minnesota,2022,5,4499404.000000001,554,35,417,102,27
minnesota,2022,6,4499404.000000001,594,38,459,97,27
minnesota,2022,7,4499404.000000001,635,45,507,83,27
minnesota,2022,8,4499404.000000001,650,45,492,113,27
minnesota,2022,9,4499404.000000001,639,54,478,107,27
minnesota,2022,10,4499404.000000001,608,55,445,108,27
minnesota,2022,11,4499404.000000001,571,48,417,106,27
minnesota,2022,12,4499404.000000001,541,43,397,101,27
minnesota,2023,1,4494291.999999999,609,59,459,91,27
minnesota,2023,2,4494291.999999999,541,44,415,82,27
minnesota,2023,3,4494291.999999999,654,71,479,104,27
minnesota,2023,4,4494291.999999999,613,62,452,99,27
minnesota,2023,5,4494291.999999999,648,75,452,121,27
minnesota,2023,6,4494291.999999999,555,54,407,94,27
minnesota,2023,7,4494291.999999999,552,79,392,81,27
minnesota,2023,8,4494291.999999999,484,51,342,91,27
minnesota,2023,9,4494291.999999999,491,68,336,87,27
minnesota,2023,10,4494291.999999999,496,59,343,94,27
minnesota,2023,11,4494291.999999999,436,50,299,87,27
minnesota,2023,12,4494291.999999999,445,43,329,73,27
minnesota,2024,1,4540891.999999995,448,43,329,76,27
minnesota,2024,2,4540891.999999995,467,41,341,85,27
minnesota,2024,3,4540891.999999995,524,50,385,89,27
minnesota,2024,4,4540891.999999995,442,45,330,67,27
minnesota,2024,5,4540891.999999995,466,38,331,97,27
minnesota,2024,6,4540891.999999995,466,37,356,73,27
minnesota,2024,7,4540891.999999995,486,43,332,111,27
minnesota,2024,8,4540891.999999995,456,44,333,79,27
minnesota,2024,9,4540891.999999995,440,28,342,70,27
minnesota,2024,10,4540891.999999995,439,38,319,82,27
minnesota,2024,11,4540891.999999995,387,31,282,74,27
minnesota,2024,12,4540891.999999995,353,32,263,58,27
mississippi,2018,1,485347,119,24,76,19,28
mississippi,2018,2,485347,117,26,74,17,28
mississippi,2018,3,485347,195,28,135,32,28
mississippi,2018,4,485347,139,29,93,17,28
mississippi,2018,5,485347,144,24,104,16,28
mississippi,2018,6,485347,144,20,107,17,28
mississippi,2018,7,485347,147,15,120,12,28
mississippi,2018,8,485347,170,24,129,17,28
mississippi,2018,9,485347,159,20,123,16,28
mississippi,2018,10,485347,192,21,137,34,28
mississippi,2018,11,485347,135,22,104,9,28
mississippi,2018,12,485347,167,24,127,16,28
mississippi,2019,1,484438.9999999998,170,26,122,22,28
mississippi,2019,2,484438.9999999998,183,21,140,22,28
mississippi,2019,3,484438.9999999998,217,29,155,33,28
mississippi,2019,4,484438.9999999998,215,25,156,34,28
mississippi,2019,5,484438.9999999998,190,26,137,27,28
mississippi,2019,6,484438.9999999998,196,21,155,20,28
mississippi,2019,7,484438.9999999998,208,26,168,14,28
mississippi,2019,8,484438.9999999998,193,24,148,21,28
mississippi,2019,9,484438.9999999998,166,23,119,24,28
mississippi,2019,10,484438.9999999998,168,26,115,27,28
mississippi,2019,11,484438.9999999998,172,27,115,30,28
mississippi,2019,12,484438.9999999998,153,17,127,9,28
mississippi,2020,1,488366,166,11,134,21,28
mississippi,2020,2,488366,167,11,141,15,28
mississippi,2020,3,488366,157,8,112,37,28
mississippi,2020,4,488366,143,4,113,26,28
mississippi,2020,5,488366,220,15,161,44,28
mississippi,2020,6,488366,175,10,136,29,28
mississippi,2020,7,488366,138,9,99,30,28
mississippi,2020,8,488366,116,12,87,17,28
mississippi,2020,9,488366,117,17,83,17,28
mississippi,2020,10,488366,118,7,96,15,28
mississippi,2020,11,488366,105,10,82,13,28
mississippi,2020,12,488366,109,8,82,19,28
mississippi,2021,1,488307.00000000006,129,10,97,22,28
mississippi,2021,2,488307.00000000006,103,9,74,20,28
mississippi,2021,3,488307.00000000006,132,19,100,13,28
mississippi,2021,4,488307.00000000006,145,9,114,22,28
mississippi,2021,5,488307.00000000006,137,13,106,18,28
mississippi,2021,6,488307.00000000006,123,7,96,20,28
mississippi,2021,7,488307.00000000006,113,5,88,20,28
mississippi,2021,8,488307.00000000006,94,6,70,18,28
mississippi,2021,9,488307.00000000006,97,5,71,21,28
mississippi,2021,10,488307.00000000006,97,13,71,13,28
mississippi,2021,11,488307.00000000006,94,12,63,19,28
mississippi,2021,12,488307.00000000006,109,10,80,19,28
mississippi,2022,1,485228.0000000001,87,14,62,11,28
mississippi,2022,2,485228.0000000001,95,16,71,8,28
mississippi,2022,3,485228.0000000001,127,15,93,19,28
mississippi,2022,4,485228.0000000001,119,9,89,21,28
mississippi,2022,5,485228.0000000001,110,7,86,17,28
mississippi,2022,6,485228.0000000001,110,9,90,11,28
mississippi,2022,7,485228.0000000001,103,13,67,23,28
mississippi,2022,8,485228.0000000001,118,8,86,24,28
mississippi,2022,9,485228.0000000001,86,10,59,17,28
mississippi,2022,10,485228.0000000001,85,5,66,14,28
mississippi,2022,11,485228.0000000001,82,9,58,15,28
mississippi,2022,12,485228.0000000001,89,4,69,16,28
mississippi,2023,1,488892.0000000002,116,7,77,32,28
mississippi,2023,2,488892.0000000002,81,11,52,18,28
mississippi,2023,3,488892.0000000002,106,9,78,19,28
mississippi,2023,4,488892.0000000002,136,13,96,27,28
mississippi,2023,5,488892.0000000002,131,11,85,35,28
mississippi,2023,6,488892.0000000002,88,10,64,14,28
mississippi,2023,7,488892.0000000002,87,7,67,13,28
mississippi,2023,8,488892.0000000002,106,6,80,20,28
mississippi,2023,9,488892.0000000002,109,13,79,17,28
mississippi,2023,10,488892.0000000002,90,6,67,17,28
mississippi,2023,11,488892.0000000002,93,5,72,16,28
mississippi,2023,12,488892.0000000002,86,11,66,9,28
mississippi,2024,1,491386.0000000002,102,5,80,17,28
mississippi,2024,2,491386.0000000002,109,5,82,22,28
mississippi,2024,3,491386.0000000002,99,7,68,24,28
mississippi,2024,4,491386.0000000002,92,4,70,18,28
mississippi,2024,5,491386.0000000002,100,10,78,12,28
mississippi,2024,6,491386.0000000002,87,4,72,11,28
mississippi,2024,7,491386.0000000002,101,5,74,22,28
mississippi,2024,8,491386.0000000002,96,8,69,19,28
mississippi,2024,9,491386.0000000002,75,8,54,13,28
mississippi,2024,10,491386.0000000002,88,7,67,14,28
mississippi,2024,11,491386.0000000002,86,11,66,9,28
mississippi,2024,12,491386.0000000002,68,2,46,20,28
missouri,2018,1,3195059.9999999995,779,109,550,120,29
missouri,2018,2,3195059.9999999995,767,69,561,137,29
missouri,2018,3,3195059.9999999995,940,107,658,175,29
missouri,2018,4,3195059.9999999995,849,101,569,179,29
missouri,2018,5,3195059.9999999995,845,85,598,162,29
missouri,2018,6,3195059.9999999995,818,77,579,162,29
missouri,2018,7,3195059.9999999995,890,90,613,187,29
missouri,2018,8,3195059.9999999995,880,86,625,169,29
missouri,2018,9,3195059.9999999995,787,96,557,134,29
missouri,2018,10,3195059.9999999995,852,79,620,153,29
missouri,2018,11,3195059.9999999995,657,83,466,108,29
missouri,2018,12,3195059.9999999995,703,74,516,113,29
missouri,2019,1,3196004.999999995,825,71,601,153,29
missouri,2019,2,3196004.999999995,731,96,513,122,29
missouri,2019,3,3196004.999999995,854,86,605,163,29
missouri,2019,4,3196004.999999995,934,92,687,155,29
missouri,2019,5,3196004.999999995,892,94,655,143,29
missouri,2019,6,3196004.999999995,818,97,589,132,29
missouri,2019,7,3196004.999999995,833,102,605,126,29
missouri,2019,8,3196004.999999995,954,115,699,140,29
missouri,2019,9,3196004.999999995,857,111,626,120,29
missouri,2019,10,3196004.999999995,873,118,637,118,29
missouri,2019,11,3196004.999999995,739,107,502,130,29
missouri,2019,12,3196004.999999995,715,69,546,100,29
missouri,2020,1,3205017.9999999953,817,64,630,123,29
missouri,2020,2,3205017.9999999953,854,67,634,153,29
missouri,2020,3,3205017.9999999953,602,48,457,97,29
missouri,2020,4,3205017.9999999953,275,16,203,56,29
missouri,2020,5,3205017.9999999953,527,30,397,100,29
missouri,2020,6,3205017.9999999953,463,31,307,125,29
missouri,2020,7,3205017.9999999953,568,35,420,113,29
missouri,2020,8,3205017.9999999953,655,41,490,124,29
missouri,2020,9,3205017.9999999953,677,35,505,137,29
missouri,2020,10,3205017.9999999953,612,30,456,126,29
missouri,2020,11,3205017.9999999953,474,28,354,92,29
missouri,2020,12,3205017.9999999953,500,21,389,90,29
missouri,2021,1,3213599.9999999995,640,50,430,160,29
missouri,2021,2,3213599.9999999995,480,30,325,125,29
missouri,2021,3,3213599.9999999995,793,52,545,196,29
missouri,2021,4,3213599.9999999995,794,58,571,165,29
missouri,2021,5,3213599.9999999995,665,41,463,161,29
missouri,2021,6,3213599.9999999995,619,28,467,124,29
missouri,2021,7,3213599.9999999995,635,35,458,142,29
missouri,2021,8,3213599.9999999995,593,35,407,151,29
missouri,2021,9,3213599.9999999995,504,23,366,115,29
missouri,2021,10,3213599.9999999995,526,29,396,101,29
missouri,2021,11,3213599.9999999995,510,34,361,115,29
missouri,2021,12,3213599.9999999995,467,31,352,84,29
missouri,2022,1,3213190.9999999944,435,22,324,89,29
missouri,2022,2,3213190.9999999944,415,24,308,83,29
missouri,2022,3,3213190.9999999944,588,39,423,126,29
missouri,2022,4,3213190.9999999944,564,30,414,120,29
missouri,2022,5,3213190.9999999944,549,24,402,123,29
missouri,2022,6,3213190.9999999944,548,32,410,106,29
missouri,2022,7,3213190.9999999944,547,40,406,101,29
missouri,2022,8,3213190.9999999944,524,39,379,106,29
missouri,2022,9,3213190.9999999944,516,38,371,107,29
missouri,2022,10,3213190.9999999944,463,28,355,80,29
missouri,2022,11,3213190.9999999944,392,24,302,66,29
missouri,2022,12,3213190.9999999944,366,28,273,65,29
missouri,2023,1,3217322.000000001,440,35,313,92,29
missouri,2023,2,3217322.000000001,424,22,317,85,29
missouri,2023,3,3217322.000000001,456,27,356,73,29
missouri,2023,4,3217322.000000001,463,31,334,98,29
missouri,2023,5,3217322.000000001,509,23,367,119,29
missouri,2023,6,3217322.000000001,518,25,362,131,29
missouri,2023,7,3217322.000000001,502,25,399,78,29
missouri,2023,8,3217322.000000001,479,32,365,82,29
missouri,2023,9,3217322.000000001,408,21,308,79,29
missouri,2023,10,3217322.000000001,396,26,306,64,29
missouri,2023,11,3217322.000000001,375,30,289,56,29
missouri,2023,12,3217322.000000001,374,22,285,67,29
missouri,2024,1,3238690.000000003,397,34,292,71,29
missouri,2024,2,3238690.000000003,478,36,364,78,29
missouri,2024,3,3238690.000000003,509,37,374,98,29
missouri,2024,4,3238690.000000003,428,27,337,64,29
missouri,2024,5,3238690.000000003,434,26,331,77,29
missouri,2024,6,3238690.000000003,447,26,338,83,29
missouri,2024,7,3238690.000000003,430,25,329,76,29
missouri,2024,8,3238690.000000003,445,27,336,82,29
missouri,2024,9,3238690.000000003,419,36,319,64,29
missouri,2024,10,3238690.000000003,343,22,255,66,29
missouri,2024,11,3238690.000000003,335,19,248,68,29
missouri,2024,12,3238690.000000003,315,18,227,70,29
montana,2018,1,785065.0000000001,89,7,67,15,30
montana,2018,2,785065.0000000001,97,6,82,9,30
montana,2018,3,785065.0000000001,92,3,81,8,30
montana,2018,4,785065.0000000001,85,3,80,2,30
montana,2018,5,785065.0000000001,83,2,73,8,30
montana,2018,6,785065.0000000001,82,2,69,11,30
montana,2018,7,785065.0000000001,94,2,80,12,30
montana,2018,8,785065.0000000001,135,10,109,16,30
montana,2018,9,785065.0000000001,90,2,80,8,30
montana,2018,10,785065.0000000001,81,1,75,5,30
montana,2018,11,785065.0000000001,72,2,62,8,30
montana,2018,12,785065.0000000001,103,2,93,8,30
montana,2019,1,791248.0000000002,108,3,92,13,30
montana,2019,2,791248.0000000002,66,1,58,7,30
montana,2019,3,791248.0000000002,93,2,75,16,30
montana,2019,4,791248.0000000002,108,3,91,14,30
montana,2019,5,791248.0000000002,101,1,88,12,30
montana,2019,6,791248.0000000002,95,5,78,12,30
montana,2019,7,791248.0000000002,87,1,74,12,30
montana,2019,8,791248.0000000002,116,6,93,17,30
montana,2019,9,791248.0000000002,96,3,82,11,30
montana,2019,10,791248.0000000002,112,3,91,18,30
montana,2019,11,791248.0000000002,112,6,89,17,30
montana,2019,12,791248.0000000002,91,4,80,7,30
montana,2020,1,802887,109,0,85,24,30
montana,2020,2,802887,112,3,84,25,30
montana,2020,3,802887,84,2,66,16,30
montana,2020,4,802887,86,0,72,14,30
montana,2020,5,802887,96,4,69,23,30
montana,2020,6,802887,102,2,75,25,30
montana,2020,7,802887,115,6,95,14,30
montana,2020,8,802887,105,6,87,12,30
montana,2020,9,802887,98,1,77,20,30
montana,2020,10,802887,88,0,75,13,30
montana,2020,11,802887,81,4,61,16,30
montana,2020,12,802887,102,1,73,28,30
montana,2021,1,823490.9999999999,123,2,93,28,30
montana,2021,2,823490.9999999999,85,1,65,19,30
montana,2021,3,823490.9999999999,127,2,100,25,30
montana,2021,4,823490.9999999999,132,2,95,35,30
montana,2021,5,823490.9999999999,105,3,87,15,30
montana,2021,6,823490.9999999999,86,2,70,14,30
montana,2021,7,823490.9999999999,109,1,86,22,30
montana,2021,8,823490.9999999999,101,5,77,19,30
montana,2021,9,823490.9999999999,95,1,79,15,30
montana,2021,10,823490.9999999999,105,3,78,24,30
montana,2021,11,823490.9999999999,68,2,50,16,30
montana,2021,12,823490.9999999999,94,3,72,19,30
montana,2022,1,834162.0000000001,82,8,65,9,30
montana,2022,2,834162.0000000001,61,6,47,8,30
montana,2022,3,834162.0000000001,102,12,77,13,30
montana,2022,4,834162.0000000001,93,3,81,9,30
montana,2022,5,834162.0000000001,86,3,71,12,30
montana,2022,6,834162.0000000001,92,11,72,9,30
montana,2022,7,834162.0000000001,81,12,61,8,30
montana,2022,8,834162.0000000001,83,10,68,5,30
montana,2022,9,834162.0000000001,94,8,81,5,30
montana,2022,10,834162.0000000001,93,8,78,7,30
montana,2022,11,834162.0000000001,80,7,68,5,30
montana,2022,12,834162.0000000001,72,6,64,2,30
montana,2023,1,840933,106,12,87,7,30
montana,2023,2,840933,92,9,79,4,30
montana,2023,3,840933,101,6,89,6,30
montana,2023,4,840933,103,7,91,5,30
montana,2023,5,840933,110,6,96,8,30
montana,2023,6,840933,88,7,75,6,30
montana,2023,7,840933,77,9,63,5,30
montana,2023,8,840933,88,3,82,3,30
montana,2023,9,840933,95,9,77,9,30
montana,2023,10,840933,106,9,85,12,30
montana,2023,11,840933,99,11,77,11,30
montana,2023,12,840933,93,10,79,4,30
montana,2024,1,844532,100,11,86,3,30
montana,2024,2,844532,110,7,98,5,30
montana,2024,3,844532,121,13,92,16,30
montana,2024,4,844532,93,2,83,8,30
montana,2024,5,844532,116,11,91,14,30
montana,2024,6,844532,131,13,95,23,30
montana,2024,7,844532,110,7,84,19,30
montana,2024,8,844532,114,8,77,29,30
montana,2024,9,844532,96,8,70,18,30
montana,2024,10,844532,86,5,62,19,30
montana,2024,11,844532,94,8,62,24,30
montana,2024,12,844532,90,5,68,17,30
nebraska,2018,1,589386.9999999999,106,5,83,18,31
nebraska,2018,2,589386.9999999999,96,5,73,18,31
nebraska,2018,3,589386.9999999999,111,6,77,28,31
nebraska,2018,4,589386.9999999999,107,5,88,14,31
nebraska,2018,5,589386.9999999999,102,3,85,14,31
nebraska,2018,6,589386.9999999999,87,3,75,9,31
nebraska,2018,7,589386.9999999999,103,5,76,22,31
nebraska,2018,8,589386.9999999999,123,7,107,9,31
nebraska,2018,9,589386.9999999999,119,8,101,10,31
nebraska,2018,10,589386.9999999999,115,1,102,12,31
nebraska,2018,11,589386.9999999999,98,5,77,16,31
nebraska,2018,12,589386.9999999999,117,0,95,22,31
nebraska,2019,1,592325.9999999999,110,4,83,23,31
nebraska,2019,2,592325.9999999999,92,2,76,14,31
nebraska,2019,3,592325.9999999999,109,5,84,20,31
nebraska,2019,4,592325.9999999999,81,5,67,9,31
nebraska,2019,5,592325.9999999999,108,1,93,14,31
nebraska,2019,6,592325.9999999999,98,5,86,7,31
nebraska,2019,7,592325.9999999999,95,3,89,3,31
nebraska,2019,8,592325.9999999999,100,2,94,4,31
nebraska,2019,9,592325.9999999999,89,3,82,4,31
nebraska,2019,10,592325.9999999999,63,2,57,4,31
nebraska,2019,11,592325.9999999999,93,3,85,5,31
nebraska,2019,12,592325.9999999999,113,0,107,6,31
nebraska,2020,1,588052.9999999998,107,3,99,5,31
nebraska,2020,2,588052.9999999998,75,2,69,4,31
nebraska,2020,3,588052.9999999998,83,2,81,0,31
nebraska,2020,4,588052.9999999998,68,2,62,4,31
nebraska,2020,5,588052.9999999998,89,3,82,4,31
nebraska,2020,6,588052.9999999998,75,4,63,8,31
nebraska,2020,7,588052.9999999998,76,3,70,3,31
nebraska,2020,8,588052.9999999998,112,9,99,4,31
nebraska,2020,9,588052.9999999998,66,2,61,3,31
nebraska,2020,10,588052.9999999998,98,5,88,5,31
nebraska,2020,11,588052.9999999998,67,3,61,3,31
nebraska,2020,12,588052.9999999998,76,4,68,4,31
nebraska,2021,1,604315.0000000001,72,1,66,5,31
nebraska,2021,2,604315.0000000001,70,8,57,5,31
nebraska,2021,3,604315.0000000001,91,6,78,7,31
nebraska,2021,4,604315.0000000001,75,2,65,8,31
nebraska,2021,5,604315.0000000001,81,0,76,5,31
nebraska,2021,6,604315.0000000001,66,0,60,6,31
nebraska,2021,7,604315.0000000001,76,4,71,1,31
nebraska,2021,8,604315.0000000001,112,5,104,3,31
nebraska,2021,9,604315.0000000001,74,2,70,2,31
nebraska,2021,10,604315.0000000001,57,3,51,3,31
nebraska,2021,11,604315.0000000001,60,3,50,7,31
nebraska,2021,12,604315.0000000001,62,4,52,6,31
nebraska,2022,1,601841.9999999999,74,2,67,5,31
nebraska,2022,2,601841.9999999999,81,3,68,10,31
nebraska,2022,3,601841.9999999999,91,3,83,5,31
nebraska,2022,4,601841.9999999999,83,0,76,7,31
nebraska,2022,5,601841.9999999999,69,6,58,5,31
nebraska,2022,6,601841.9999999999,68,2,64,2,31
nebraska,2022,7,601841.9999999999,96,3,88,5,31
nebraska,2022,8,601841.9999999999,82,5,73,4,31
nebraska,2022,9,601841.9999999999,75,5,61,9,31
nebraska,2022,10,601841.9999999999,78,7,63,8,31
nebraska,2022,11,601841.9999999999,62,3,54,5,31
nebraska,2022,12,601841.9999999999,80,3,68,9,31
nebraska,2023,1,612481.9999999997,85,3,75,7,31
nebraska,2023,2,612481.9999999997,88,3,72,13,31
nebraska,2023,3,612481.9999999997,91,2,80,9,31
nebraska,2023,4,612481.9999999997,94,2,74,18,31
nebraska,2023,5,612481.9999999997,87,5,77,5,31
nebraska,2023,6,612481.9999999997,74,1,64,9,31
nebraska,2023,7,612481.9999999997,85,2,68,15,31
nebraska,2023,8,612481.9999999997,82,5,68,9,31
nebraska,2023,9,612481.9999999997,86,2,72,12,31
nebraska,2023,10,612481.9999999997,65,1,59,5,31
nebraska,2023,11,612481.9999999997,77,4,66,7,31
nebraska,2023,12,612481.9999999997,64,1,61,2,31
nebraska,2024,1,629933.9999999994,68,3,61,4,31
nebraska,2024,2,629933.9999999994,76,2,66,8,31
nebraska,2024,3,629933.9999999994,88,1,76,11,31
nebraska,2024,4,629933.9999999994,62,1,55,6,31
nebraska,2024,5,629933.9999999994,96,7,76,13,31
nebraska,2024,6,629933.9999999994,84,5,68,11,31
nebraska,2024,7,629933.9999999994,88,4,76,8,31
nebraska,2024,8,629933.9999999994,81,2,68,11,31
nebraska,2024,9,629933.9999999994,87,3,70,14,31
nebraska,2024,10,629933.9999999994,75,0,67,8,31
nebraska,2024,11,629933.9999999994,66,2,52,12,31
nebraska,2024,12,629933.9999999994,53,1,49,3,31
nevada,2018,1,2899225.9999999977,480,98,304,78,32
nevada,2018,2,2899225.9999999977,419,63,291,65,32
nevada,2018,3,2899225.9999999977,581,136,370,75,32
nevada,2018,4,2899225.9999999977,507,143,288,76,32
nevada,2018,5,2899225.9999999977,604,184,319,101,32
nevada,2018,6,2899225.9999999977,550,113,340,97,32
nevada,2018,7,2899225.9999999977,588,142,354,92,32
nevada,2018,8,2899225.9999999977,582,129,366,87,32
nevada,2018,9,2899225.9999999977,545,154,335,56,32
nevada,2018,10,2899225.9999999977,590,134,380,76,32
nevada,2018,11,2899225.9999999977,501,128,287,86,32
nevada,2018,12,2899225.9999999977,641,152,371,118,32
nevada,2019,1,2943753.0000000005,534,126,340,68,32
nevada,2019,2,2943753.0000000005,516,156,285,75,32
nevada,2019,3,2943753.0000000005,626,167,378,81,32
nevada,2019,4,2943753.0000000005,601,56,445,100,32
nevada,2019,5,2943753.0000000005,705,72,521,112,32
nevada,2019,6,2943753.0000000005,714,61,555,98,32
nevada,2019,7,2943753.0000000005,757,111,529,117,32
nevada,2019,8,2943753.0000000005,690,119,468,103,32
nevada,2019,9,2943753.0000000005,675,103,484,88,32
nevada,2019,10,2943753.0000000005,570,55,440,75,32
nevada,2019,11,2943753.0000000005,624,40,474,110,32
nevada,2019,12,2943753.0000000005,597,38,469,90,32
nevada,2020,1,2999581.000000002,699,45,534,120,32
nevada,2020,2,2999581.000000002,674,52,518,104,32
nevada,2020,3,2999581.000000002,537,33,407,97,32
nevada,2020,4,2999581.000000002,542,50,399,93,32
nevada,2020,5,2999581.000000002,647,64,478,105,32
nevada,2020,6,2999581.000000002,466,28,354,84,32
nevada,2020,7,2999581.000000002,559,32,408,119,32
nevada,2020,8,2999581.000000002,641,21,510,110,32
nevada,2020,9,2999581.000000002,536,15,388,133,32
nevada,2020,10,2999581.000000002,542,17,362,163,32
nevada,2020,11,2999581.000000002,466,12,337,117,32
nevada,2020,12,2999581.000000002,473,8,333,132,32
nevada,2021,1,3006710.999999998,630,13,454,163,32
nevada,2021,2,3006710.999999998,556,13,406,137,32
nevada,2021,3,3006710.999999998,666,8,486,172,32
nevada,2021,4,3006710.999999998,663,9,489,165,32
nevada,2021,5,3006710.999999998,596,15,431,150,32
nevada,2021,6,3006710.999999998,520,14,392,114,32
nevada,2021,7,3006710.999999998,522,8,383,131,32
nevada,2021,8,3006710.999999998,430,5,313,112,32
nevada,2021,9,3006710.999999998,453,8,329,116,32
nevada,2021,10,3006710.999999998,468,16,349,103,32
nevada,2021,11,3006710.999999998,365,8,255,102,32
nevada,2021,12,3006710.999999998,354,5,268,81,32
nevada,2022,1,3036801,365,5,260,100,32
nevada,2022,2,3036801,388,7,290,91,32
nevada,2022,3,3036801,479,12,337,130,32
nevada,2022,4,3036801,476,10,345,121,32
nevada,2022,5,3036801,478,15,358,105,32
nevada,2022,6,3036801,425,13,321,91,32
nevada,2022,7,3036801,453,18,329,106,32
nevada,2022,8,3036801,423,18,301,104,32
nevada,2022,9,3036801,480,20,367,93,32
nevada,2022,10,3036801,381,19,289,73,32
nevada,2022,11,3036801,370,18,267,85,32
nevada,2022,12,3036801,450,17,347,86,32
nevada,2023,1,3055012.9999999986,446,8,356,82,32
nevada,2023,2,3055012.9999999986,461,16,331,114,32
nevada,2023,3,3055012.9999999986,534,19,411,104,32
nevada,2023,4,3055012.9999999986,472,13,366,93,32
nevada,2023,5,3055012.9999999986,474,15,370,89,32
nevada,2023,6,3055012.9999999986,528,27,398,103,32
nevada,2023,7,3055012.9999999986,492,20,369,103,32
nevada,2023,8,3055012.9999999986,481,27,367,87,32
nevada,2023,9,3055012.9999999986,533,28,413,92,32
nevada,2023,10,3055012.9999999986,465,19,355,91,32
nevada,2023,11,3055012.9999999986,437,15,327,95,32
nevada,2023,12,3055012.9999999986,473,20,346,107,32
nevada,2024,1,3125056.9999999977,508,19,392,97,32
nevada,2024,2,3125056.9999999977,535,21,425,89,32
nevada,2024,3,3125056.9999999977,605,28,468,109,32
nevada,2024,4,3125056.9999999977,541,24,418,99,32
nevada,2024,5,3125056.9999999977,545,21,436,88,32
nevada,2024,6,3125056.9999999977,451,12,363,76,32
nevada,2024,7,3125056.9999999977,492,4,395,93,32
nevada,2024,8,3125056.9999999977,513,17,404,92,32
nevada,2024,9,3125056.9999999977,501,11,398,92,32
nevada,2024,10,3125056.9999999977,463,12,363,88,32
nevada,2024,11,3125056.9999999977,396,15,301,80,32
nevada,2024,12,3125056.9999999977,383,6,305,72,32
new hampshire,2018,1,820744,170,8,60,102,33
new hampshire,2018,2,820744,168,15,56,97,33
new hampshire,2018,3,820744,174,15,65,94,33
new hampshire,2018,4,820744,218,27,75,116,33
new hampshire,2018,5,820744,248,22,66,160,33
new hampshire,2018,6,820744,224,18,79,127,33
new hampshire,2018,7,820744,206,20,71,115,33
new hampshire,2018,8,820744,212,18,78,116,33
new hampshire,2018,9,820744,229,22,90,117,33
new hampshire,2018,10,820744,204,21,78,105,33
new hampshire,2018,11,820744,166,18,56,92,33
new hampshire,2018,12,820744,180,16,78,86,33
new hampshire,2019,1,827916.9999999994,195,12,81,102,33
new hampshire,2019,2,827916.9999999994,161,17,54,90,33
new hampshire,2019,3,827916.9999999994,185,12,72,101,33
new hampshire,2019,4,827916.9999999994,234,30,78,126,33
new hampshire,2019,5,827916.9999999994,172,14,65,93,33
new hampshire,2019,6,827916.9999999994,186,18,72,96,33
new hampshire,2019,7,827916.9999999994,179,14,69,96,33
new hampshire,2019,8,827916.9999999994,176,11,63,102,33
new hampshire,2019,9,827916.9999999994,180,17,77,86,33
new hampshire,2019,10,827916.9999999994,166,9,65,92,33
new hampshire,2019,11,827916.9999999994,141,15,56,70,33
new hampshire,2019,12,827916.9999999994,119,11,59,49,33
new hampshire,2020,1,831958.9999999995,172,12,61,99,33
new hampshire,2020,2,831958.9999999995,183,8,63,112,33
new hampshire,2020,3,831958.9999999995,115,8,48,59,33
new hampshire,2020,4,831958.9999999995,83,7,30,46,33
new hampshire,2020,5,831958.9999999995,155,7,47,101,33
new hampshire,2020,6,831958.9999999995,200,25,42,133,33
new hampshire,2020,7,831958.9999999995,181,20,49,112,33
new hampshire,2020,8,831958.9999999995,153,13,49,91,33
new hampshire,2020,9,831958.9999999995,167,11,68,88,33
new hampshire,2020,10,831958.9999999995,172,14,64,94,33
new hampshire,2020,11,831958.9999999995,134,10,63,61,33
new hampshire,2020,12,831958.9999999995,120,7,45,68,33
new hampshire,2021,1,840220.0000000003,136,14,53,69,33
new hampshire,2021,2,840220.0000000003,133,9,54,70,33
new hampshire,2021,3,840220.0000000003,158,9,66,83,33
new hampshire,2021,4,840220.0000000003,156,11,63,82,33
new hampshire,2021,5,840220.0000000003,164,13,62,89,33
new hampshire,2021,6,840220.0000000003,174,17,60,97,33
new hampshire,2021,7,840220.0000000003,170,15,64,91,33
new hampshire,2021,8,840220.0000000003,173,20,71,82,33
new hampshire,2021,9,840220.0000000003,150,8,56,86,33
new hampshire,2021,10,840220.0000000003,145,12,49,84,33
new hampshire,2021,11,840220.0000000003,146,20,51,75,33
new hampshire,2021,12,840220.0000000003,152,4,63,85,33
new hampshire,2022,1,851997.0000000002,142,15,43,84,33
new hampshire,2022,2,851997.0000000002,128,10,38,80,33
new hampshire,2022,3,851997.0000000002,189,13,73,103,33
new hampshire,2022,4,851997.0000000002,168,7,64,97,33
new hampshire,2022,5,851997.0000000002,158,9,44,105,33
new hampshire,2022,6,851997.0000000002,185,17,58,110,33
new hampshire,2022,7,851997.0000000002,155,9,57,89,33
new hampshire,2022,8,851997.0000000002,144,9,56,79,33
new hampshire,2022,9,851997.0000000002,145,7,49,89,33
new hampshire,2022,10,851997.0000000002,130,9,44,77,33
new hampshire,2022,11,851997.0000000002,99,6,34,59,33
new hampshire,2022,12,851997.0000000002,115,10,38,67,33
new hampshire,2023,1,857809.9999999998,125,5,43,77,33
new hampshire,2023,2,857809.9999999998,118,6,41,71,33
new hampshire,2023,3,857809.9999999998,155,11,52,92,33
new hampshire,2023,4,857809.9999999998,138,1,55,82,33
new hampshire,2023,5,857809.9999999998,119,9,39,71,33
new hampshire,2023,6,857809.9999999998,140,9,41,90,33
new hampshire,2023,7,857809.9999999998,106,6,31,69,33
new hampshire,2023,8,857809.9999999998,119,6,34,79,33
new hampshire,2023,9,857809.9999999998,102,9,29,64,33
new hampshire,2023,10,857809.9999999998,73,6,18,49,33
new hampshire,2023,11,857809.9999999998,75,7,17,51,33
new hampshire,2023,12,857809.9999999998,92,7,41,44,33
new hampshire,2024,1,860531.0000000013,109,11,28,70,33
new hampshire,2024,2,860531.0000000013,102,5,29,68,33
new hampshire,2024,3,860531.0000000013,132,3,43,86,33
new hampshire,2024,4,860531.0000000013,138,4,45,89,33
new hampshire,2024,5,860531.0000000013,147,6,44,97,33
new hampshire,2024,6,860531.0000000013,151,9,23,119,33
new hampshire,2024,7,860531.0000000013,159,4,55,100,33
new hampshire,2024,8,860531.0000000013,125,10,32,83,33
new hampshire,2024,9,860531.0000000013,141,4,50,87,33
new hampshire,2024,10,860531.0000000013,118,7,33,78,33
new hampshire,2024,11,860531.0000000013,120,4,30,86,33
new hampshire,2024,12,860531.0000000013,105,2,31,72,33
new jersey,2018,1,2194275.000000001,299,32,23,244,34
new jersey,2018,2,2194275.000000001,336,28,22,286,34
new jersey,2018,3,2194275.000000001,320,15,12,293,34
new jersey,2018,4,2194275.000000001,284,13,6,265,34
new jersey,2018,5,2194275.000000001,347,28,13,306,34
new jersey,2018,6,2194275.000000001,269,19,19,231,34
new jersey,2018,7,2194275.000000001,328,13,23,292,34
new jersey,2018,8,2194275.000000001,344,24,19,301,34
new jersey,2018,9,2194275.000000001,346,21,16,309,34
new jersey,2018,10,2194275.000000001,313,14,22,277,34
new jersey,2018,11,2194275.000000001,238,7,10,221,34
new jersey,2018,12,2194275.000000001,193,11,14,168,34
new jersey,2019,1,2184168.999999999,300,19,25,256,34
new jersey,2019,2,2184168.999999999,210,13,12,185,34
new jersey,2019,3,2184168.999999999,307,22,35,250,34
new jersey,2019,4,2184168.999999999,341,14,79,248,34
new jersey,2019,5,2184168.999999999,248,21,22,205,34
new jersey,2019,6,2184168.999999999,248,14,37,197,34
new jersey,2019,7,2184168.999999999,317,27,27,263,34
new jersey,2019,8,2184168.999999999,378,31,46,301,34
new jersey,2019,9,2184168.999999999,283,25,26,232,34
new jersey,2019,10,2184168.999999999,263,15,24,224,34
new jersey,2019,11,2184168.999999999,263,15,20,228,34
new jersey,2019,12,2184168.999999999,204,17,22,165,34
new jersey,2020,1,2185532.9999999995,335,27,26,282,34
new jersey,2020,2,2185532.9999999995,289,28,23,238,34
new jersey,2020,3,2185532.9999999995,176,13,15,148,34
new jersey,2020,4,2185532.9999999995,37,1,1,35,34
new jersey,2020,5,2185532.9999999995,73,5,8,60,34
new jersey,2020,6,2185532.9999999995,123,4,14,105,34
new jersey,2020,7,2185532.9999999995,142,10,33,99,34
new jersey,2020,8,2185532.9999999995,202,7,24,171,34
new jersey,2020,9,2185532.9999999995,207,15,21,171,34
new jersey,2020,10,2185532.9999999995,208,23,20,165,34
new jersey,2020,11,2185532.9999999995,98,7,7,84,34
new jersey,2020,12,2185532.9999999995,112,5,15,92,34
new jersey,2021,1,2271300.0000000014,106,11,25,70,34
new jersey,2021,2,2271300.0000000014,88,3,34,51,34
new jersey,2021,3,2271300.0000000014,77,3,22,52,34
new jersey,2021,4,2271300.0000000014,79,2,12,65,34
new jersey,2021,5,2271300.0000000014,120,1,23,96,34
new jersey,2021,6,2271300.0000000014,114,3,13,98,34
new jersey,2021,7,2271300.0000000014,137,2,27,108,34
new jersey,2021,8,2271300.0000000014,116,6,17,93,34
new jersey,2021,9,2271300.0000000014,134,4,20,110,34
new jersey,2021,10,2271300.0000000014,123,6,17,100,34
new jersey,2021,11,2271300.0000000014,89,3,10,76,34
new jersey,2021,12,2271300.0000000014,106,6,16,84,34
new jersey,2022,1,2299748.000000001,129,4,26,99,34
new jersey,2022,2,2299748.000000001,118,7,22,89,34
new jersey,2022,3,2299748.000000001,147,12,32,103,34
new jersey,2022,4,2299748.000000001,101,5,10,86,34
new jersey,2022,5,2299748.000000001,155,9,17,129,34
new jersey,2022,6,2299748.000000001,129,8,16,105,34
new jersey,2022,7,2299748.000000001,113,5,25,83,34
new jersey,2022,8,2299748.000000001,150,6,38,106,34
new jersey,2022,9,2299748.000000001,115,8,10,97,34
new jersey,2022,10,2299748.000000001,195,8,26,161,34
new jersey,2022,11,2299748.000000001,95,4,22,69,34
new jersey,2022,12,2299748.000000001,93,8,10,75,34
new jersey,2023,1,2305893.999999999,192,5,34,153,34
new jersey,2023,2,2305893.999999999,139,5,17,117,34
new jersey,2023,3,2305893.999999999,124,7,20,97,34
new jersey,2023,4,2305893.999999999,133,8,25,100,34
new jersey,2023,5,2305893.999999999,155,7,24,124,34
new jersey,2023,6,2305893.999999999,141,8,33,100,34
new jersey,2023,7,2305893.999999999,168,7,29,132,34
new jersey,2023,8,2305893.999999999,145,12,21,112,34
new jersey,2023,9,2305893.999999999,134,6,25,103,34
new jersey,2023,10,2305893.999999999,157,4,27,126,34
new jersey,2023,11,2305893.999999999,123,8,15,100,34
new jersey,2023,12,2305893.999999999,117,10,14,93,34
new jersey,2024,1,2358814.999999999,156,8,22,126,34
new jersey,2024,2,2358814.999999999,152,6,28,118,34
new jersey,2024,3,2358814.999999999,172,8,41,123,34
new jersey,2024,4,2358814.999999999,140,5,19,116,34
new jersey,2024,5,2358814.999999999,170,9,29,132,34
new jersey,2024,6,2358814.999999999,191,4,28,159,34
new jersey,2024,7,2358814.999999999,191,8,43,140,34
new jersey,2024,8,2358814.999999999,177,7,25,145,34
new jersey,2024,9,2358814.999999999,164,7,22,135,34
new jersey,2024,10,2358814.999999999,174,3,30,141,34
new jersey,2024,11,2358814.999999999,179,2,18,159,34
new jersey,2024,12,2358814.999999999,140,9,21,110,34
new mexico,2018,1,941657.0000000002,89,15,45,29,35
new mexico,2018,2,941657.0000000002,99,11,51,37,35
new mexico,2018,3,941657.0000000002,127,11,72,44,35
new mexico,2018,4,941657.0000000002,94,13,53,28,35
new mexico,2018,5,941657.0000000002,114,23,47,44,35
new mexico,2018,6,941657.0000000002,90,2,67,21,35
new mexico,2018,7,941657.0000000002,85,2,51,32,35
new mexico,2018,8,941657.0000000002,77,4,46,27,35
new mexico,2018,9,941657.0000000002,97,0,63,34,35
new mexico,2018,10,941657.0000000002,58,0,35,23,35
new mexico,2018,11,941657.0000000002,75,1,50,24,35
new mexico,2018,12,941657.0000000002,76,1,48,27,35
new mexico,2019,1,942894.9999999994,70,1,43,26,35
new mexico,2019,2,942894.9999999994,54,1,31,22,35
new mexico,2019,3,942894.9999999994,67,2,39,26,35
new mexico,2019,4,942894.9999999994,65,2,30,33,35
new mexico,2019,5,942894.9999999994,71,15,28,28,35
new mexico,2019,6,942894.9999999994,98,14,44,40,35
new mexico,2019,7,942894.9999999994,60,8,29,23,35
new mexico,2019,8,942894.9999999994,100,12,47,41,35
new mexico,2019,9,942894.9999999994,78,1,38,39,35
new mexico,2019,10,942894.9999999994,95,5,57,33,35
new mexico,2019,11,942894.9999999994,75,2,45,28,35
new mexico,2019,12,942894.9999999994,76,1,44,31,35
new mexico,2020,1,945489.0000000006,90,3,49,38,35
new mexico,2020,2,945489.0000000006,97,2,62,33,35
new mexico,2020,3,945489.0000000006,92,2,65,25,35
new mexico,2020,4,945489.0000000006,55,2,31,22,35
new mexico,2020,5,945489.0000000006,86,2,55,29,35
new mexico,2020,6,945489.0000000006,85,3,51,31,35
new mexico,2020,7,945489.0000000006,121,5,66,50,35
new mexico,2020,8,945489.0000000006,130,3,73,54,35
new mexico,2020,9,945489.0000000006,143,4,85,54,35
new mexico,2020,10,945489.0000000006,111,2,66,43,35
new mexico,2020,11,945489.0000000006,83,4,50,29,35
new mexico,2020,12,945489.0000000006,106,4,65,37,35
new mexico,2021,1,949781.0000000002,117,6,77,34,35
new mexico,2021,2,949781.0000000002,96,5,55,36,35
new mexico,2021,3,949781.0000000002,110,5,74,31,35
new mexico,2021,4,949781.0000000002,105,11,72,22,35
new mexico,2021,5,949781.0000000002,102,5,78,19,35
new mexico,2021,6,949781.0000000002,99,13,64,22,35
new mexico,2021,7,949781.0000000002,105,22,61,22,35
new mexico,2021,8,949781.0000000002,113,21,70,22,35
new mexico,2021,9,949781.0000000002,91,11,64,16,35
new mexico,2021,10,949781.0000000002,85,15,60,10,35
new mexico,2021,11,949781.0000000002,39,7,25,7,35
new mexico,2021,12,949781.0000000002,63,17,36,10,35
new mexico,2022,1,948322.0000000002,78,25,42,11,35
new mexico,2022,2,948322.0000000002,87,24,52,11,35
new mexico,2022,3,948322.0000000002,111,38,55,18,35
new mexico,2022,4,948322.0000000002,126,28,83,15,35
new mexico,2022,5,948322.0000000002,111,44,56,11,35
new mexico,2022,6,948322.0000000002,116,50,54,12,35
new mexico,2022,7,948322.0000000002,116,48,57,11,35
new mexico,2022,8,948322.0000000002,147,46,80,21,35
new mexico,2022,9,948322.0000000002,147,66,68,13,35
new mexico,2022,10,948322.0000000002,88,39,43,6,35
new mexico,2022,11,948322.0000000002,141,61,71,9,35
new mexico,2022,12,948322.0000000002,153,83,62,8,35
new mexico,2023,1,948575.9999999998,138,66,63,9,35
new mexico,2023,2,948575.9999999998,172,89,78,5,35
new mexico,2023,3,948575.9999999998,178,81,82,15,35
new mexico,2023,4,948575.9999999998,203,99,90,14,35
new mexico,2023,5,948575.9999999998,184,91,71,22,35
new mexico,2023,6,948575.9999999998,212,106,89,17,35
new mexico,2023,7,948575.9999999998,200,100,88,12,35
new mexico,2023,8,948575.9999999998,204,105,86,13,35
new mexico,2023,9,948575.9999999998,247,141,89,17,35
new mexico,2023,10,948575.9999999998,252,132,100,20,35
new mexico,2023,11,948575.9999999998,202,110,77,15,35
new mexico,2023,12,948575.9999999998,161,81,72,8,35
new mexico,2024,1,949496.0000000001,158,81,62,15,35
new mexico,2024,2,949496.0000000001,187,92,85,10,35
new mexico,2024,3,949496.0000000001,171,98,60,13,35
new mexico,2024,4,949496.0000000001,234,135,80,19,35
new mexico,2024,5,949496.0000000001,253,144,99,10,35
new mexico,2024,6,949496.0000000001,238,142,70,26,35
new mexico,2024,7,949496.0000000001,337,215,105,17,35
new mexico,2024,8,949496.0000000001,311,180,116,15,35
new mexico,2024,9,949496.0000000001,299,124,134,41,35
new mexico,2024,10,949496.0000000001,234,97,102,35,35
new mexico,2024,11,949496.0000000001,228,94,86,48,35
new mexico,2024,12,949496.0000000001,206,81,90,35,35
new york,2018,1,2911537,376,15,296,65,36
new york,2018,2,2911537,396,13,324,59,36
new york,2018,3,2911537,482,41,366,75,36
new york,2018,4,2911537,490,16,400,74,36
new york,2018,5,2911537,431,5,360,66,36
new york,2018,6,2911537,487,11,394,82,36
new york,2018,7,2911537,413,5,346,62,36
new york,2018,8,2911537,449,19,347,83,36
new york,2018,9,2911537,438,20,355,63,36
new york,2018,10,2911537,476,11,374,91,36
new york,2018,11,2911537,401,8,313,80,36
new york,2018,12,2911537,356,6,281,69,36
new york,2019,1,2912947.000000001,373,6,298,69,36
new york,2019,2,2912947.000000001,355,8,290,57,36
new york,2019,3,2912947.000000001,394,15,307,72,36
new york,2019,4,2912947.000000001,437,14,331,92,36
new york,2019,5,2912947.000000001,424,10,332,82,36
new york,2019,6,2912947.000000001,465,11,391,63,36
new york,2019,7,2912947.000000001,413,10,336,67,36
new york,2019,8,2912947.000000001,428,15,344,69,36
new york,2019,9,2912947.000000001,455,8,372,75,36
new york,2019,10,2912947.000000001,402,8,324,70,36
new york,2019,11,2912947.000000001,357,19,280,58,36
new york,2019,12,2912947.000000001,250,5,211,34,36
new york,2020,1,2900479.999999999,330,12,259,59,36
new york,2020,2,2900479.999999999,306,10,244,52,36
new york,2020,3,2900479.999999999,243,12,180,51,36
new york,2020,4,2900479.999999999,76,1,64,11,36
new york,2020,5,2900479.999999999,219,7,181,31,36
new york,2020,6,2900479.999999999,180,8,147,25,36
new york,2020,7,2900479.999999999,231,11,178,42,36
new york,2020,8,2900479.999999999,280,15,213,52,36
new york,2020,9,2900479.999999999,212,20,139,53,36
new york,2020,10,2900479.999999999,241,15,162,64,36
new york,2020,11,2900479.999999999,177,15,126,36,36
new york,2020,12,2900479.999999999,189,15,134,40,36
new york,2021,1,2959603,145,15,86,44,36
new york,2021,2,2959603,166,19,87,60,36
new york,2021,3,2959603,196,40,103,53,36
new york,2021,4,2959603,181,24,100,57,36
new york,2021,5,2959603,196,19,118,59,36
new york,2021,6,2959603,214,34,118,62,36
new york,2021,7,2959603,193,34,108,51,36
new york,2021,8,2959603,239,30,142,67,36
new york,2021,9,2959603,189,21,102,66,36
new york,2021,10,2959603,176,24,93,59,36
new york,2021,11,2959603,147,24,84,39,36
new york,2021,12,2959603,161,18,87,56,36
new york,2022,1,3007280.9999999977,153,9,99,45,36
new york,2022,2,3007280.9999999977,182,22,110,50,36
new york,2022,3,3007280.9999999977,211,24,127,60,36
new york,2022,4,3007280.9999999977,213,23,129,61,36
new york,2022,5,3007280.9999999977,180,29,97,54,36
new york,2022,6,3007280.9999999977,256,26,148,82,36
new york,2022,7,3007280.9999999977,252,38,141,73,36
new york,2022,8,3007280.9999999977,239,28,140,71,36
new york,2022,9,3007280.9999999977,249,35,137,77,36
new york,2022,10,3007280.9999999977,226,34,127,65,36
new york,2022,11,3007280.9999999977,197,24,130,43,36
new york,2022,12,3007280.9999999977,186,29,111,46,36
new york,2023,1,3002424.0000000005,251,44,144,63,36
new york,2023,2,3002424.0000000005,258,36,155,67,36
new york,2023,3,3002424.0000000005,297,26,187,84,36
new york,2023,4,3002424.0000000005,253,32,158,63,36
new york,2023,5,3002424.0000000005,253,22,155,76,36
new york,2023,6,3002424.0000000005,286,35,174,77,36
new york,2023,7,3002424.0000000005,254,26,141,87,36
new york,2023,8,3002424.0000000005,313,17,212,84,36
new york,2023,9,3002424.0000000005,262,31,172,59,36
new york,2023,10,3002424.0000000005,256,35,146,75,36
new york,2023,11,3002424.0000000005,240,24,154,62,36
new york,2023,12,3002424.0000000005,227,30,129,68,36
new york,2024,1,3029957.0000000005,283,28,177,78,36
new york,2024,2,3029957.0000000005,273,28,164,81,36
new york,2024,3,3029957.0000000005,305,25,207,73,36
new york,2024,4,3029957.0000000005,253,26,166,61,36
new york,2024,5,3029957.0000000005,294,21,186,87,36
new york,2024,6,3029957.0000000005,278,31,182,65,36
new york,2024,7,3029957.0000000005,305,35,198,72,36
new york,2024,8,3029957.0000000005,280,26,177,77,36
new york,2024,9,3029957.0000000005,298,44,185,69,36
new york,2024,10,3029957.0000000005,296,34,200,62,36
new york,2024,11,3029957.0000000005,242,25,146,71,36
new york,2024,12,3029957.0000000005,269,29,173,67,36
north carolina,2018,1,5254187.000000001,564,44,158,362,37
north carolina,2018,2,5254187.000000001,603,37,178,388,37
north carolina,2018,3,5254187.000000001,596,42,165,389,37
north carolina,2018,4,5254187.000000001,600,34,198,368,37
north carolina,2018,5,5254187.000000001,624,40,201,383,37
north carolina,2018,6,5254187.000000001,662,42,252,368,37
north carolina,2018,7,5254187.000000001,658,53,236,369,37
north carolina,2018,8,5254187.000000001,787,52,289,446,37
north carolina,2018,9,5254187.000000001,729,37,282,410,37
north carolina,2018,10,5254187.000000001,795,52,292,451,37
north carolina,2018,11,5254187.000000001,744,51,309,384,37
north carolina,2018,12,5254187.000000001,811,54,367,390,37
north carolina,2019,1,5311593.000000004,838,61,385,392,37
north carolina,2019,2,5311593.000000004,798,62,347,389,37
north carolina,2019,3,5311593.000000004,958,57,444,457,37
north carolina,2019,4,5311593.000000004,891,59,397,435,37
north carolina,2019,5,5311593.000000004,950,61,426,463,37
north carolina,2019,6,5311593.000000004,814,54,363,397,37
north carolina,2019,7,5311593.000000004,827,44,370,413,37
north carolina,2019,8,5311593.000000004,888,64,424,400,37
north carolina,2019,9,5311593.000000004,867,47,399,421,37
north carolina,2019,10,5311593.000000004,827,57,418,352,37
north carolina,2019,11,5311593.000000004,808,49,385,374,37
north carolina,2019,12,5311593.000000004,702,43,346,313,37
north carolina,2020,1,5365919.000000005,992,60,463,469,37
north carolina,2020,2,5365919.000000005,907,55,465,387,37
north carolina,2020,3,5365919.000000005,811,49,406,356,37
north carolina,2020,4,5365919.000000005,666,49,331,286,37
north carolina,2020,5,5365919.000000005,1055,79,510,466,37
north carolina,2020,6,5365919.000000005,834,65,398,371,37
north carolina,2020,7,5365919.000000005,928,69,436,423,37
north carolina,2020,8,5365919.000000005,1015,54,494,467,37
north carolina,2020,9,5365919.000000005,892,64,447,381,37
north carolina,2020,10,5365919.000000005,966,62,471,433,37
north carolina,2020,11,5365919.000000005,804,55,402,347,37
north carolina,2020,12,5365919.000000005,810,63,399,348,37
north carolina,2021,1,5351969,957,59,491,407,37
north carolina,2021,2,5351969,978,70,478,430,37
north carolina,2021,3,5351969,1164,69,571,524,37
north carolina,2021,4,5351969,1031,50,523,458,37
north carolina,2021,5,5351969,880,56,449,375,37
north carolina,2021,6,5351969,1021,63,482,476,37
north carolina,2021,7,5351969,950,61,447,442,37
north carolina,2021,8,5351969,873,45,435,393,37
north carolina,2021,9,5351969,850,58,450,342,37
north carolina,2021,10,5351969,826,58,409,359,37
north carolina,2021,11,5351969,731,46,354,331,37
north carolina,2021,12,5351969,800,37,380,383,37
north carolina,2022,1,5407954.999999995,738,30,347,361,37
north carolina,2022,2,5407954.999999995,752,44,400,308,37
north carolina,2022,3,5407954.999999995,920,56,476,388,37
north carolina,2022,4,5407954.999999995,946,73,473,400,37
north carolina,2022,5,5407954.999999995,877,46,433,398,37
north carolina,2022,6,5407954.999999995,792,59,395,338,37
north carolina,2022,7,5407954.999999995,748,44,372,332,37
north carolina,2022,8,5407954.999999995,838,60,413,365,37
north carolina,2022,9,5407954.999999995,759,49,382,328,37
north carolina,2022,10,5407954.999999995,866,57,435,374,37
north carolina,2022,11,5407954.999999995,682,50,347,285,37
north carolina,2022,12,5407954.999999995,802,38,424,340,37
north carolina,2023,1,5480516,884,61,449,374,37
north carolina,2023,2,5480516,755,45,395,315,37
north carolina,2023,3,5480516,887,54,454,379,37
north carolina,2023,4,5480516,828,54,467,307,37
north carolina,2023,5,5480516,800,47,399,354,37
north carolina,2023,6,5480516,869,44,490,335,37
north carolina,2023,7,5480516,846,43,442,361,37
north carolina,2023,8,5480516,923,48,479,396,37
north carolina,2023,9,5480516,769,55,416,298,37
north carolina,2023,10,5480516,825,66,421,338,37
north carolina,2023,11,5480516,694,47,359,288,37
north carolina,2023,12,5480516,730,55,362,313,37
north carolina,2024,1,5574662.999999995,758,52,413,293,37
north carolina,2024,2,5574662.999999995,730,48,349,333,37
north carolina,2024,3,5574662.999999995,852,60,451,341,37
north carolina,2024,4,5574662.999999995,785,62,426,297,37
north carolina,2024,5,5574662.999999995,857,68,428,361,37
north carolina,2024,6,5574662.999999995,871,56,432,383,37
north carolina,2024,7,5574662.999999995,734,29,371,334,37
north carolina,2024,8,5574662.999999995,908,72,481,355,37
north carolina,2024,9,5574662.999999995,691,60,360,271,37
north carolina,2024,10,5574662.999999995,705,53,362,290,37
north carolina,2024,11,5574662.999999995,728,47,371,310,37
north carolina,2024,12,5574662.999999995,704,42,365,297,37
north dakota,2018,1,576629.0000000001,139,9,113,17,38
north dakota,2018,2,576629.0000000001,142,5,116,21,38
north dakota,2018,3,576629.0000000001,168,3,150,15,38
north dakota,2018,4,576629.0000000001,161,10,134,17,38
north dakota,2018,5,576629.0000000001,183,6,157,20,38
north dakota,2018,6,576629.0000000001,187,11,150,26,38
north dakota,2018,7,576629.0000000001,190,6,166,18,38
north dakota,2018,8,576629.0000000001,188,6,154,28,38
north dakota,2018,9,576629.0000000001,191,8,155,28,38
north dakota,2018,10,576629.0000000001,190,3,167,20,38
north dakota,2018,11,576629.0000000001,147,8,119,20,38
north dakota,2018,12,576629.0000000001,159,4,140,15,38
north dakota,2019,1,580529.0000000001,170,8,149,13,38
north dakota,2019,2,580529.0000000001,142,5,114,23,38
north dakota,2019,3,580529.0000000001,151,7,126,18,38
north dakota,2019,4,580529.0000000001,177,9,135,33,38
north dakota,2019,5,580529.0000000001,186,11,156,19,38
north dakota,2019,6,580529.0000000001,190,11,156,23,38
north dakota,2019,7,580529.0000000001,204,3,173,28,38
north dakota,2019,8,580529.0000000001,190,6,162,22,38
north dakota,2019,9,580529.0000000001,172,8,146,18,38
north dakota,2019,10,580529.0000000001,149,6,119,24,38
north dakota,2019,11,580529.0000000001,155,8,129,18,38
north dakota,2019,12,580529.0000000001,160,9,128,23,38
north dakota,2020,1,583709.9999999999,190,11,156,23,38
north dakota,2020,2,583709.9999999999,172,6,145,21,38
north dakota,2020,3,583709.9999999999,119,4,99,16,38
north dakota,2020,4,583709.9999999999,112,3,87,22,38
north dakota,2020,5,583709.9999999999,164,8,122,34,38
north dakota,2020,6,583709.9999999999,157,5,121,31,38
north dakota,2020,7,583709.9999999999,157,9,125,23,38
north dakota,2020,8,583709.9999999999,142,6,109,27,38
north dakota,2020,9,583709.9999999999,158,3,132,23,38
north dakota,2020,10,583709.9999999999,121,5,98,18,38
north dakota,2020,11,583709.9999999999,124,5,105,14,38
north dakota,2020,12,583709.9999999999,139,6,105,28,38
north dakota,2021,1,594630,141,7,106,28,38
north dakota,2021,2,594630,121,3,104,14,38
north dakota,2021,3,594630,189,8,154,27,38
north dakota,2021,4,594630,144,4,119,21,38
north dakota,2021,5,594630,139,4,113,22,38
north dakota,2021,6,594630,161,5,132,24,38
north dakota,2021,7,594630,150,6,118,26,38
north dakota,2021,8,594630,163,8,133,22,38
north dakota,2021,9,594630,162,5,141,16,38
north dakota,2021,10,594630,116,12,96,8,38
north dakota,2021,11,594630,132,11,104,17,38
north dakota,2021,12,594630,115,11,92,12,38
north dakota,2022,1,599694.0000000003,95,9,79,7,38
north dakota,2022,2,599694.0000000003,99,4,87,8,38
north dakota,2022,3,599694.0000000003,136,6,120,10,38
north dakota,2022,4,599694.0000000003,122,5,95,22,38
north dakota,2022,5,599694.0000000003,150,8,128,14,38
north dakota,2022,6,599694.0000000003,123,7,103,13,38
north dakota,2022,7,599694.0000000003,158,8,134,16,38
north dakota,2022,8,599694.0000000003,148,18,115,15,38
north dakota,2022,9,599694.0000000003,115,12,87,16,38
north dakota,2022,10,599694.0000000003,125,8,102,15,38
north dakota,2022,11,599694.0000000003,130,8,101,21,38
north dakota,2022,12,599694.0000000003,113,6,95,12,38
north dakota,2023,1,606444.9999999999,153,15,121,17,38
north dakota,2023,2,606444.9999999999,156,17,126,13,38
north dakota,2023,3,606444.9999999999,166,9,139,18,38
north dakota,2023,4,606444.9999999999,151,10,126,15,38
north dakota,2023,5,606444.9999999999,148,12,119,17,38
north dakota,2023,6,606444.9999999999,120,12,99,9,38
north dakota,2023,7,606444.9999999999,146,19,116,11,38
north dakota,2023,8,606444.9999999999,144,12,122,10,38
north dakota,2023,9,606444.9999999999,145,9,117,19,38
north dakota,2023,10,606444.9999999999,136,11,117,8,38
north dakota,2023,11,606444.9999999999,145,22,110,13,38
north dakota,2023,12,606444.9999999999,142,12,110,20,38
north dakota,2024,1,618392.0000000002,139,8,119,12,38
north dakota,2024,2,618392.0000000002,138,15,108,15,38
north dakota,2024,3,618392.0000000002,161,9,129,23,38
north dakota,2024,4,618392.0000000002,161,21,122,18,38
north dakota,2024,5,618392.0000000002,162,21,128,13,38
north dakota,2024,6,618392.0000000002,120,13,94,13,38
north dakota,2024,7,618392.0000000002,146,10,126,10,38
north dakota,2024,8,618392.0000000002,168,13,134,21,38
north dakota,2024,9,618392.0000000002,156,21,119,16,38
north dakota,2024,10,618392.0000000002,175,10,149,16,38
north dakota,2024,11,618392.0000000002,132,10,109,13,38
north dakota,2024,12,618392.0000000002,121,8,94,19,38
ohio,2018,1,6474057.000000007,954,61,542,351,39
ohio,2018,2,6474057.000000007,1021,76,602,343,39
ohio,2018,3,6474057.000000007,1261,78,705,478,39
ohio,2018,4,6474057.000000007,1100,69,665,366,39
ohio,2018,5,6474057.000000007,1239,97,720,422,39
ohio,2018,6,6474057.000000007,1110,63,656,391,39
ohio,2018,7,6474057.000000007,1269,114,693,462,39
ohio,2018,8,6474057.000000007,1361,93,796,472,39
ohio,2018,9,6474057.000000007,1170,75,688,407,39
ohio,2018,10,6474057.000000007,1077,73,662,342,39
ohio,2018,11,6474057.000000007,944,66,586,292,39
ohio,2018,12,6474057.000000007,1031,74,620,337,39
ohio,2019,1,6481599.000000005,1076,61,650,365,39
ohio,2019,2,6481599.000000005,1058,79,618,361,39
ohio,2019,3,6481599.000000005,1338,96,785,457,39
ohio,2019,4,6481599.000000005,1209,89,736,384,39
ohio,2019,5,6481599.000000005,1213,98,758,357,39
ohio,2019,6,6481599.000000005,1136,89,670,377,39
ohio,2019,7,6481599.000000005,1166,98,700,368,39
ohio,2019,8,6481599.000000005,1147,85,686,376,39
ohio,2019,9,6481599.000000005,1015,69,612,334,39
ohio,2019,10,6481599.000000005,921,69,535,317,39
ohio,2019,11,6481599.000000005,856,57,519,280,39
ohio,2019,12,6481599.000000005,806,44,489,273,39
ohio,2020,1,6484793.000000002,930,76,559,295,39
ohio,2020,2,6484793.000000002,830,53,507,270,39
ohio,2020,3,6484793.000000002,569,34,361,174,39
ohio,2020,4,6484793.000000002,272,14,173,85,39
ohio,2020,5,6484793.000000002,528,33,341,154,39
ohio,2020,6,6484793.000000002,549,36,343,170,39
ohio,2020,7,6484793.000000002,675,51,411,213,39
ohio,2020,8,6484793.000000002,840,55,579,206,39
ohio,2020,9,6484793.000000002,843,60,552,231,39
ohio,2020,10,6484793.000000002,722,56,489,177,39
ohio,2020,11,6484793.000000002,628,47,436,145,39
ohio,2020,12,6484793.000000002,571,49,386,136,39
ohio,2021,1,6530012.999999992,769,73,524,172,39
ohio,2021,2,6530012.999999992,708,69,470,169,39
ohio,2021,3,6530012.999999992,892,77,604,211,39
ohio,2021,4,6530012.999999992,769,43,523,203,39
ohio,2021,5,6530012.999999992,767,52,527,188,39
ohio,2021,6,6530012.999999992,681,41,468,172,39
ohio,2021,7,6530012.999999992,784,51,517,216,39
ohio,2021,8,6530012.999999992,754,37,522,195,39
ohio,2021,9,6530012.999999992,743,48,487,208,39
ohio,2021,10,6530012.999999992,710,37,468,205,39
ohio,2021,11,6530012.999999992,631,37,409,185,39
ohio,2021,12,6530012.999999992,574,32,399,143,39
ohio,2022,1,6481437.999999997,530,33,371,126,39
ohio,2022,2,6481437.999999997,595,37,412,146,39
ohio,2022,3,6481437.999999997,749,42,530,177,39
ohio,2022,4,6481437.999999997,650,51,422,177,39
ohio,2022,5,6481437.999999997,612,48,422,142,39
ohio,2022,6,6481437.999999997,662,37,461,164,39
ohio,2022,7,6481437.999999997,573,44,377,152,39
ohio,2022,8,6481437.999999997,624,45,424,155,39
ohio,2022,9,6481437.999999997,575,40,395,140,39
ohio,2022,10,6481437.999999997,590,41,407,142,39
ohio,2022,11,6481437.999999997,617,41,447,129,39
ohio,2022,12,6481437.999999997,535,26,387,122,39
ohio,2023,1,6494563.000000008,685,45,484,156,39
ohio,2023,2,6494563.000000008,627,43,438,146,39
ohio,2023,3,6494563.000000008,754,55,509,190,39
ohio,2023,4,6494563.000000008,683,44,472,167,39
ohio,2023,5,6494563.000000008,737,59,501,177,39
ohio,2023,6,6494563.000000008,615,32,421,162,39
ohio,2023,7,6494563.000000008,662,46,438,178,39
ohio,2023,8,6494563.000000008,662,51,421,190,39
ohio,2023,9,6494563.000000008,594,33,407,154,39
ohio,2023,10,6494563.000000008,585,32,393,160,39
ohio,2023,11,6494563.000000008,505,36,330,139,39
ohio,2023,12,6494563.000000008,505,31,356,118,39
ohio,2024,1,6551509.000000004,560,37,342,181,39
ohio,2024,2,6551509.000000004,616,42,388,186,39
ohio,2024,3,6551509.000000004,659,57,418,184,39
ohio,2024,4,6551509.000000004,563,42,353,168,39
ohio,2024,5,6551509.000000004,577,40,370,167,39
ohio,2024,6,6551509.000000004,524,24,363,137,39
ohio,2024,7,6551509.000000004,589,42,387,160,39
ohio,2024,8,6551509.000000004,561,30,398,133,39
ohio,2024,9,6551509.000000004,540,30,363,147,39
ohio,2024,10,6551509.000000004,549,30,341,178,39
ohio,2024,11,6551509.000000004,463,30,322,111,39
ohio,2024,12,6551509.000000004,404,21,267,116,39
oklahoma,2018,1,3076754.999999999,523,185,272,66,40
oklahoma,2018,2,3076754.999999999,458,144,246,68,40
oklahoma,2018,3,3076754.999999999,516,179,270,67,40
oklahoma,2018,4,3076754.999999999,527,187,270,70,40
oklahoma,2018,5,3076754.999999999,578,170,326,82,40
oklahoma,2018,6,3076754.999999999,535,169,313,53,40
oklahoma,2018,7,3076754.999999999,551,198,288,65,40
oklahoma,2018,8,3076754.999999999,626,243,309,74,40
oklahoma,2018,9,3076754.999999999,450,140,253,57,40
oklahoma,2018,10,3076754.999999999,512,160,303,49,40
oklahoma,2018,11,3076754.999999999,421,115,262,44,40
oklahoma,2018,12,3076754.999999999,490,123,302,65,40
oklahoma,2019,1,3084538.000000001,492,127,287,78,40
oklahoma,2019,2,3084538.000000001,487,144,278,65,40
oklahoma,2019,3,3084538.000000001,572,154,335,83,40
oklahoma,2019,4,3084538.000000001,478,128,275,75,40
oklahoma,2019,5,3084538.000000001,501,95,347,59,40
oklahoma,2019,6,3084538.000000001,514,134,333,47,40
oklahoma,2019,7,3084538.000000001,492,131,303,58,40
oklahoma,2019,8,3084538.000000001,612,169,375,68,40
oklahoma,2019,9,3084538.000000001,503,120,329,54,40
oklahoma,2019,10,3084538.000000001,509,151,308,50,40
oklahoma,2019,11,3084538.000000001,445,115,274,56,40
oklahoma,2019,12,3084538.000000001,480,113,323,44,40
oklahoma,2020,1,3102466.0000000033,511,114,331,66,40
oklahoma,2020,2,3102466.0000000033,547,133,348,66,40
oklahoma,2020,3,3102466.0000000033,409,110,243,56,40
oklahoma,2020,4,3102466.0000000033,330,88,189,53,40
oklahoma,2020,5,3102466.0000000033,453,107,275,71,40
oklahoma,2020,6,3102466.0000000033,353,80,210,63,40
oklahoma,2020,7,3102466.0000000033,344,91,192,61,40
oklahoma,2020,8,3102466.0000000033,398,106,244,48,40
oklahoma,2020,9,3102466.0000000033,351,106,213,32,40
oklahoma,2020,10,3102466.0000000033,338,84,207,47,40
oklahoma,2020,11,3102466.0000000033,291,60,185,46,40
oklahoma,2020,12,3102466.0000000033,303,54,201,48,40
oklahoma,2021,1,3104463,415,3,350,62,40
oklahoma,2021,2,3104463,285,5,241,39,40
oklahoma,2021,3,3104463,457,15,377,65,40
oklahoma,2021,4,3104463,460,14,366,80,40
oklahoma,2021,5,3104463,419,13,333,73,40
oklahoma,2021,6,3104463,426,11,341,74,40
oklahoma,2021,7,3104463,485,11,390,84,40
oklahoma,2021,8,3104463,434,10,362,62,40
oklahoma,2021,9,3104463,387,12,308,67,40
oklahoma,2021,10,3104463,413,12,334,67,40
oklahoma,2021,11,3104463,352,17,299,36,40
oklahoma,2021,12,3104463,386,9,320,57,40
oklahoma,2022,1,3110815.999999998,415,19,345,51,40
oklahoma,2022,2,3110815.999999998,348,13,289,46,40
oklahoma,2022,3,3110815.999999998,430,12,359,59,40
oklahoma,2022,4,3110815.999999998,461,16,392,53,40
oklahoma,2022,5,3110815.999999998,419,7,374,38,40
oklahoma,2022,6,3110815.999999998,426,18,373,35,40
oklahoma,2022,7,3110815.999999998,434,18,384,32,40
oklahoma,2022,8,3110815.999999998,411,20,352,39,40
oklahoma,2022,9,3110815.999999998,419,13,359,47,40
oklahoma,2022,10,3110815.999999998,371,14,315,42,40
oklahoma,2022,11,3110815.999999998,391,11,346,34,40
oklahoma,2022,12,3110815.999999998,326,13,283,30,40
oklahoma,2023,1,3133418.9999999995,407,19,349,39,40
oklahoma,2023,2,3133418.9999999995,419,15,363,41,40
oklahoma,2023,3,3133418.9999999995,468,22,401,45,40
oklahoma,2023,4,3133418.9999999995,431,9,381,41,40
oklahoma,2023,5,3133418.9999999995,468,21,403,44,40
oklahoma,2023,6,3133418.9999999995,439,17,386,36,40
oklahoma,2023,7,3133418.9999999995,393,19,344,30,40
oklahoma,2023,8,3133418.9999999995,411,31,331,49,40
oklahoma,2023,9,3133418.9999999995,351,14,291,46,40
oklahoma,2023,10,3133418.9999999995,378,26,313,39,40
oklahoma,2023,11,3133418.9999999995,335,26,277,32,40
oklahoma,2023,12,3133418.9999999995,395,21,335,39,40
oklahoma,2024,1,3162631.9999999944,323,24,275,24,40
oklahoma,2024,2,3162631.9999999944,433,24,373,36,40
oklahoma,2024,3,3162631.9999999944,459,24,396,39,40
oklahoma,2024,4,3162631.9999999944,466,14,406,46,40
oklahoma,2024,5,3162631.9999999944,445,31,379,35,40
oklahoma,2024,6,3162631.9999999944,451,17,405,29,40
oklahoma,2024,7,3162631.9999999944,454,23,388,43,40
oklahoma,2024,8,3162631.9999999944,481,21,423,37,40
oklahoma,2024,9,3162631.9999999944,407,18,351,38,40
oklahoma,2024,10,3162631.9999999944,427,18,353,56,40
oklahoma,2024,11,3162631.9999999944,339,19,285,35,40
oklahoma,2024,12,3162631.9999999944,332,11,283,38,40
oregon,2018,1,3526315,956,14,680,262,41
oregon,2018,2,3526315,894,13,629,252,41
oregon,2018,3,3526315,970,12,661,297,41
oregon,2018,4,3526315,925,17,635,273,41
oregon,2018,5,3526315,996,13,694,289,41
oregon,2018,6,3526315,996,12,714,270,41
oregon,2018,7,3526315,1018,10,726,282,41
oregon,2018,8,3526315,970,10,684,276,41
oregon,2018,9,3526315,975,12,657,306,41
oregon,2018,10,3526315,858,9,611,238,41
oregon,2018,11,3526315,865,10,627,228,41
oregon,2018,12,3526315,849,15,590,244,41
oregon,2019,1,3550835.9999999967,979,9,694,276,41
oregon,2019,2,3550835.9999999967,839,8,579,252,41
oregon,2019,3,3550835.9999999967,1005,13,701,291,41
oregon,2019,4,3550835.9999999967,972,10,674,288,41
oregon,2019,5,3550835.9999999967,1029,7,719,303,41
oregon,2019,6,3550835.9999999967,933,11,661,261,41
oregon,2019,7,3550835.9999999967,1065,8,771,286,41
oregon,2019,8,3550835.9999999967,1034,16,729,289,41
oregon,2019,9,3550835.9999999967,856,13,597,246,41
oregon,2019,10,3550835.9999999967,872,2,618,252,41
oregon,2019,11,3550835.9999999967,803,10,563,230,41
oregon,2019,12,3550835.9999999967,767,9,515,243,41
oregon,2020,1,3571981.0000000056,933,11,666,256,41
oregon,2020,2,3571981.0000000056,831,6,572,253,41
oregon,2020,3,3571981.0000000056,663,12,496,155,41
oregon,2020,4,3571981.0000000056,596,9,394,193,41
oregon,2020,5,3571981.0000000056,812,7,562,243,41
oregon,2020,6,3571981.0000000056,504,3,326,175,41
oregon,2020,7,3571981.0000000056,528,4,362,162,41
oregon,2020,8,3571981.0000000056,564,5,394,165,41
oregon,2020,9,3571981.0000000056,542,6,373,163,41
oregon,2020,10,3571981.0000000056,643,10,434,199,41
oregon,2020,11,3571981.0000000056,434,3,295,136,41
oregon,2020,12,3571981.0000000056,482,6,323,153,41
oregon,2021,1,3578684,451,5,302,144,41
oregon,2021,2,3578684,251,4,173,74,41
oregon,2021,3,3578684,344,4,227,113,41
oregon,2021,4,3578684,316,2,230,84,41
oregon,2021,5,3578684,264,3,181,80,41
oregon,2021,6,3578684,213,5,143,65,41
oregon,2021,7,3578684,233,1,155,77,41
oregon,2021,8,3578684,233,1,164,68,41
oregon,2021,9,3578684,189,3,144,42,41
oregon,2021,10,3578684,170,3,136,31,41
oregon,2021,11,3578684,154,4,120,30,41
oregon,2021,12,3578684,165,6,120,39,41
oregon,2022,1,3558870.000000001,137,13,87,37,41
oregon,2022,2,3558870.000000001,189,18,129,42,41
oregon,2022,3,3558870.000000001,241,19,167,55,41
oregon,2022,4,3558870.000000001,200,11,140,49,41
oregon,2022,5,3558870.000000001,187,15,135,37,41
oregon,2022,6,3558870.000000001,162,10,121,31,41
oregon,2022,7,3558870.000000001,184,19,151,14,41
oregon,2022,8,3558870.000000001,177,9,143,25,41
oregon,2022,9,3558870.000000001,183,18,144,21,41
oregon,2022,10,3558870.000000001,152,22,110,20,41
oregon,2022,11,3558870.000000001,140,14,113,13,41
oregon,2022,12,3558870.000000001,116,12,91,13,41
oregon,2023,1,3554926,169,13,142,14,41
oregon,2023,2,3554926,169,11,146,12,41
oregon,2023,3,3554926,194,20,149,25,41
oregon,2023,4,3554926,171,24,132,15,41
oregon,2023,5,3554926,195,27,152,16,41
oregon,2023,6,3554926,167,14,144,9,41
oregon,2023,7,3554926,169,27,132,10,41
oregon,2023,8,3554926,281,41,225,15,41
oregon,2023,9,3554926,215,30,173,12,41
oregon,2023,10,3554926,271,53,207,11,41
oregon,2023,11,3554926,239,46,169,24,41
oregon,2023,12,3554926,337,112,210,15,41
oregon,2024,1,3582666.000000003,385,89,279,17,41
oregon,2024,2,3582666.000000003,431,120,292,19,41
oregon,2024,3,3582666.000000003,358,68,270,20,41
oregon,2024,4,3582666.000000003,357,75,259,23,41
oregon,2024,5,3582666.000000003,325,72,226,27,41
oregon,2024,6,3582666.000000003,396,80,307,9,41
oregon,2024,7,3582666.000000003,362,52,293,17,41
oregon,2024,8,3582666.000000003,332,51,272,9,41
oregon,2024,9,3582666.000000003,819,76,693,50,41
oregon,2024,10,3582666.000000003,618,68,509,41,41
oregon,2024,11,3582666.000000003,522,68,414,40,41
oregon,2024,12,3582666.000000003,505,51,426,28,41
pennsylvania,2018,1,164438,12,1,3,8,42
pennsylvania,2018,2,164438,15,9,3,3,42
pennsylvania,2018,3,164438,15,4,3,8,42
pennsylvania,2018,4,164438,14,5,2,7,42
pennsylvania,2018,5,164438,17,5,8,4,42
pennsylvania,2018,6,164438,25,4,7,14,42
pennsylvania,2018,7,164438,11,5,4,2,42
pennsylvania,2018,8,164438,35,1,23,11,42
pennsylvania,2018,9,164438,20,4,13,3,42
pennsylvania,2018,10,164438,25,1,22,2,42
pennsylvania,2018,11,164438,19,9,9,1,42
pennsylvania,2018,12,164438,14,1,12,1,42
pennsylvania,2019,1,163647.00000000003,12,1,9,2,42
pennsylvania,2019,2,163647.00000000003,10,1,8,1,42
pennsylvania,2019,3,163647.00000000003,18,5,11,2,42
pennsylvania,2019,4,163647.00000000003,20,2,17,1,42
pennsylvania,2019,5,163647.00000000003,28,2,15,11,42
pennsylvania,2019,6,163647.00000000003,14,2,10,2,42
pennsylvania,2019,7,163647.00000000003,20,1,17,2,42
pennsylvania,2019,8,163647.00000000003,17,1,12,4,42
pennsylvania,2019,9,163647.00000000003,6,0,5,1,42
pennsylvania,2019,10,163647.00000000003,8,2,5,1,42
pennsylvania,2019,11,163647.00000000003,8,1,7,0,42
pennsylvania,2019,12,163647.00000000003,8,0,6,2,42
pennsylvania,2020,1,163084,8,2,3,3,42
pennsylvania,2020,2,163084,8,1,4,3,42
pennsylvania,2020,3,163084,11,4,3,4,42
pennsylvania,2020,4,163084,7,2,5,0,42
pennsylvania,2020,5,163084,4,2,2,0,42
pennsylvania,2020,6,163084,5,1,1,3,42
pennsylvania,2020,7,163084,5,2,2,1,42
pennsylvania,2020,8,163084,7,0,1,6,42
pennsylvania,2020,9,163084,5,2,0,3,42
pennsylvania,2020,10,163084,2,0,1,1,42
pennsylvania,2020,11,163084,16,2,6,8,42
pennsylvania,2020,12,163084,10,1,3,6,42
pennsylvania,2021,1,161833.99999999997,6,0,4,2,42
pennsylvania,2021,2,161833.99999999997,9,0,5,4,42
pennsylvania,2021,3,161833.99999999997,14,2,10,2,42
pennsylvania,2021,4,161833.99999999997,14,1,9,4,42
pennsylvania,2021,5,161833.99999999997,4,0,1,3,42
pennsylvania,2021,6,161833.99999999997,18,0,3,15,42
pennsylvania,2021,7,161833.99999999997,10,0,5,5,42
pennsylvania,2021,8,161833.99999999997,9,1,3,5,42
pennsylvania,2021,9,161833.99999999997,6,0,3,3,42
pennsylvania,2021,10,161833.99999999997,17,3,7,7,42
pennsylvania,2021,11,161833.99999999997,4,0,1,3,42
pennsylvania,2021,12,161833.99999999997,2,1,1,0,42
pennsylvania,2022,1,163199,3,0,0,3,42
pennsylvania,2022,2,163199,5,0,2,3,42
pennsylvania,2022,3,163199,13,2,5,6,42
pennsylvania,2022,4,163199,15,3,5,7,42
pennsylvania,2022,5,163199,12,3,4,5,42
pennsylvania,2022,6,163199,8,1,5,2,42
pennsylvania,2022,7,163199,11,1,2,8,42
pennsylvania,2022,8,163199,7,2,2,3,42
pennsylvania,2022,9,163199,14,1,5,8,42
pennsylvania,2022,10,163199,5,0,1,4,42
pennsylvania,2022,11,163199,7,0,4,3,42
pennsylvania,2022,12,163199,6,0,1,5,42
pennsylvania,2023,1,166617,9,2,2,5,42
pennsylvania,2023,2,166617,10,1,5,4,42
pennsylvania,2023,3,166617,22,4,8,10,42
pennsylvania,2023,4,166617,19,1,6,12,42
pennsylvania,2023,5,166617,17,0,9,8,42
pennsylvania,2023,6,166617,17,1,11,5,42
pennsylvania,2023,7,166617,18,1,10,7,42
pennsylvania,2023,8,166617,14,1,8,5,42
pennsylvania,2023,9,166617,24,3,10,11,42
pennsylvania,2023,10,166617,21,0,13,8,42
pennsylvania,2023,11,166617,14,0,5,9,42
pennsylvania,2023,12,166617,13,0,12,1,42
pennsylvania,2024,1,166795,12,1,5,6,42
pennsylvania,2024,2,166795,13,1,7,5,42
pennsylvania,2024,3,166795,28,3,15,10,42
pennsylvania,2024,4,166795,8,1,5,2,42
pennsylvania,2024,5,166795,11,2,6,3,42
pennsylvania,2024,6,166795,16,2,7,7,42
pennsylvania,2024,7,166795,10,0,5,5,42
pennsylvania,2024,8,166795,17,1,13,3,42
pennsylvania,2024,9,166795,16,2,11,3,42
pennsylvania,2024,10,166795,18,1,12,5,42
pennsylvania,2024,11,166795,13,0,13,0,42
pennsylvania,2024,12,166795,6,0,3,3,42
rhode island,2018,1,1000375.0000000006,81,12,23,46,44
rhode island,2018,2,1000375.0000000006,82,8,20,54,44
rhode island,2018,3,1000375.0000000006,102,11,19,72,44
rhode island,2018,4,1000375.0000000006,95,9,19,67,44
rhode island,2018,5,1000375.0000000006,117,10,33,74,44
rhode island,2018,6,1000375.0000000006,95,14,19,62,44
rhode island,2018,7,1000375.0000000006,90,11,16,63,44
rhode island,2018,8,1000375.0000000006,95,10,28,57,44
rhode island,2018,9,1000375.0000000006,87,17,25,45,44
rhode island,2018,10,1000375.0000000006,90,12,33,45,44
rhode island,2018,11,1000375.0000000006,85,17,26,42,44
rhode island,2018,12,1000375.0000000006,95,12,25,58,44
rhode island,2019,1,1002373,78,13,20,45,44
rhode island,2019,2,1002373,87,19,24,44,44
rhode island,2019,3,1002373,87,10,19,58,44
rhode island,2019,4,1002373,75,11,15,49,44
rhode island,2019,5,1002373,87,11,17,59,44
rhode island,2019,6,1002373,94,11,27,56,44
rhode island,2019,7,1002373,92,5,41,46,44
rhode island,2019,8,1002373,99,21,33,45,44
rhode island,2019,9,1002373,108,18,42,48,44
rhode island,2019,10,1002373,82,10,27,45,44
rhode island,2019,11,1002373,61,6,26,29,44
rhode island,2019,12,1002373,57,8,14,35,44
rhode island,2020,1,1000513.9999999992,91,16,22,53,44
rhode island,2020,2,1000513.9999999992,93,9,25,59,44
rhode island,2020,3,1000513.9999999992,63,11,26,26,44
rhode island,2020,4,1000513.9999999992,28,3,8,17,44
rhode island,2020,5,1000513.9999999992,66,13,27,26,44
rhode island,2020,6,1000513.9999999992,55,7,25,23,44
rhode island,2020,7,1000513.9999999992,61,7,26,28,44
rhode island,2020,8,1000513.9999999992,76,12,24,40,44
rhode island,2020,9,1000513.9999999992,87,15,32,40,44
rhode island,2020,10,1000513.9999999992,78,11,36,31,44
rhode island,2020,11,1000513.9999999992,69,4,32,33,44
rhode island,2020,12,1000513.9999999992,64,8,29,27,44
rhode island,2021,1,1036664.0000000001,80,8,30,42,44
rhode island,2021,2,1036664.0000000001,68,9,31,28,44
rhode island,2021,3,1036664.0000000001,109,15,35,59,44
rhode island,2021,4,1036664.0000000001,107,12,41,54,44
rhode island,2021,5,1036664.0000000001,86,9,33,44,44
rhode island,2021,6,1036664.0000000001,85,23,26,36,44
rhode island,2021,7,1036664.0000000001,87,10,32,45,44
rhode island,2021,8,1036664.0000000001,72,7,28,37,44
rhode island,2021,9,1036664.0000000001,74,17,25,32,44
rhode island,2021,10,1036664.0000000001,62,6,27,29,44
rhode island,2021,11,1036664.0000000001,45,5,15,25,44
rhode island,2021,12,1036664.0000000001,63,6,22,35,44
rhode island,2022,1,1035100.0000000006,69,8,25,36,44
rhode island,2022,2,1035100.0000000006,65,6,30,29,44
rhode island,2022,3,1035100.0000000006,85,11,23,51,44
rhode island,2022,4,1035100.0000000006,77,9,24,44,44
rhode island,2022,5,1035100.0000000006,67,11,20,36,44
rhode island,2022,6,1035100.0000000006,65,9,17,39,44
rhode island,2022,7,1035100.0000000006,59,7,20,32,44
rhode island,2022,8,1035100.0000000006,71,12,25,34,44
rhode island,2022,9,1035100.0000000006,71,7,20,44,44
rhode island,2022,10,1035100.0000000006,65,10,25,30,44
rhode island,2022,11,1035100.0000000006,49,10,15,24,44
rhode island,2022,12,1035100.0000000006,36,5,13,18,44
rhode island,2023,1,1037030.0000000001,61,6,25,30,44
rhode island,2023,2,1037030.0000000001,64,10,22,32,44
rhode island,2023,3,1037030.0000000001,59,7,14,38,44
rhode island,2023,4,1037030.0000000001,52,3,13,36,44
rhode island,2023,5,1037030.0000000001,79,12,21,46,44
rhode island,2023,6,1037030.0000000001,73,9,16,48,44
rhode island,2023,7,1037030.0000000001,74,11,22,41,44
rhode island,2023,8,1037030.0000000001,74,6,24,44,44
rhode island,2023,9,1037030.0000000001,64,5,10,49,44
rhode island,2023,10,1037030.0000000001,65,6,25,34,44
rhode island,2023,11,1037030.0000000001,59,5,19,35,44
rhode island,2023,12,1037030.0000000001,57,5,18,34,44
rhode island,2024,1,1052655.9999999995,53,8,17,28,44
rhode island,2024,2,1052655.9999999995,57,13,14,30,44
rhode island,2024,3,1052655.9999999995,85,8,35,42,44
rhode island,2024,4,1052655.9999999995,63,6,15,42,44
rhode island,2024,5,1052655.9999999995,66,8,29,29,44
rhode island,2024,6,1052655.9999999995,65,15,16,34,44
rhode island,2024,7,1052655.9999999995,88,22,21,45,44
rhode island,2024,8,1052655.9999999995,73,12,23,38,44
rhode island,2024,9,1052655.9999999995,75,16,18,41,44
rhode island,2024,10,1052655.9999999995,74,8,20,46,44
rhode island,2024,11,1052655.9999999995,74,8,19,47,44
rhode island,2024,12,1052655.9999999995,71,5,18,48,44
south carolina,2018,1,4191919,717,75,354,288,45
south carolina,2018,2,4191919,798,66,384,348,45
south carolina,2018,3,4191919,936,91,462,383,45
south carolina,2018,4,4191919,873,76,465,332,45
south carolina,2018,5,4191919,962,69,517,376,45
south carolina,2018,6,4191919,901,85,474,342,45
south carolina,2018,7,4191919,913,75,461,377,45
south carolina,2018,8,4191919,946,97,484,365,45
south carolina,2018,9,4191919,877,95,452,330,45
south carolina,2018,10,4191919,864,87,468,309,45
south carolina,2018,11,4191919,810,72,424,314,45
south carolina,2018,12,4191919,834,87,431,316,45
south carolina,2019,1,4250993,921,72,458,391,45
south carolina,2019,2,4250993,873,74,458,341,45
south carolina,2019,3,4250993,1019,96,551,372,45
south carolina,2019,4,4250993,846,94,441,311,45
south carolina,2019,5,4250993,1002,87,559,356,45
south carolina,2019,6,4250993,921,76,478,367,45
south carolina,2019,7,4250993,990,93,562,335,45
south carolina,2019,8,4250993,955,84,540,331,45
south carolina,2019,9,4250993,840,89,465,286,45
south carolina,2019,10,4250993,848,51,493,304,45
south carolina,2019,11,4250993,833,84,447,302,45
south carolina,2019,12,4250993,751,71,424,256,45
south carolina,2020,1,4312613.0000000065,929,75,533,321,45
south carolina,2020,2,4312613.0000000065,910,65,530,315,45
south carolina,2020,3,4312613.0000000065,872,70,467,335,45
south carolina,2020,4,4312613.0000000065,687,63,340,284,45
south carolina,2020,5,4312613.0000000065,968,94,518,356,45
south carolina,2020,6,4312613.0000000065,815,106,460,249,45
south carolina,2020,7,4312613.0000000065,808,68,499,241,45
south carolina,2020,8,4312613.0000000065,827,72,502,253,45
south carolina,2020,9,4312613.0000000065,764,68,466,230,45
south carolina,2020,10,4312613.0000000065,850,75,507,268,45
south carolina,2020,11,4312613.0000000065,757,77,466,214,45
south carolina,2020,12,4312613.0000000065,791,76,452,263,45
south carolina,2021,1,4289608,819,95,502,222,45
south carolina,2021,2,4289608,765,70,448,247,45
south carolina,2021,3,4289608,1071,95,621,355,45
south carolina,2021,4,4289608,950,71,557,322,45
south carolina,2021,5,4289608,908,91,511,306,45
south carolina,2021,6,4289608,915,70,537,308,45
south carolina,2021,7,4289608,896,93,529,274,45
south carolina,2021,8,4289608,783,63,456,264,45
south carolina,2021,9,4289608,717,57,433,227,45
south carolina,2021,10,4289608,691,68,409,214,45
south carolina,2021,11,4289608,672,54,404,214,45
south carolina,2021,12,4289608,688,66,413,209,45
south carolina,2022,1,4362015.000000004,683,68,379,236,45
south carolina,2022,2,4362015.000000004,604,56,359,189,45
south carolina,2022,3,4362015.000000004,818,79,482,257,45
south carolina,2022,4,4362015.000000004,834,83,449,302,45
south carolina,2022,5,4362015.000000004,783,79,446,258,45
south carolina,2022,6,4362015.000000004,839,91,480,268,45
south carolina,2022,7,4362015.000000004,814,80,462,272,45
south carolina,2022,8,4362015.000000004,905,80,507,318,45
south carolina,2022,9,4362015.000000004,812,70,470,272,45
south carolina,2022,10,4362015.000000004,756,82,419,255,45
south carolina,2022,11,4362015.000000004,757,63,434,260,45
south carolina,2022,12,4362015.000000004,740,68,377,295,45
south carolina,2023,1,4441293.999999999,761,58,427,276,45
south carolina,2023,2,4441293.999999999,725,60,419,246,45
south carolina,2023,3,4441293.999999999,838,65,461,312,45
south carolina,2023,4,4441293.999999999,731,55,396,280,45
south carolina,2023,5,4441293.999999999,817,67,426,324,45
south carolina,2023,6,4441293.999999999,825,76,443,306,45
south carolina,2023,7,4441293.999999999,799,59,477,263,45
south carolina,2023,8,4441293.999999999,846,73,456,317,45
south carolina,2023,9,4441293.999999999,745,63,419,263,45
south carolina,2023,10,4441293.999999999,708,69,380,259,45
south carolina,2023,11,4441293.999999999,678,50,402,226,45
south carolina,2023,12,4441293.999999999,701,72,403,226,45
south carolina,2024,1,4538211.999999997,673,64,377,232,45
south carolina,2024,2,4538211.999999997,790,72,441,277,45
south carolina,2024,3,4538211.999999997,784,76,429,279,45
south carolina,2024,4,4538211.999999997,837,72,452,313,45
south carolina,2024,5,4538211.999999997,908,90,493,325,45
south carolina,2024,6,4538211.999999997,746,53,412,281,45
south carolina,2024,7,4538211.999999997,733,70,399,264,45
south carolina,2024,8,4538211.999999997,717,61,402,254,45
south carolina,2024,9,4538211.999999997,703,57,394,252,45
south carolina,2024,10,4538211.999999997,672,52,369,251,45
south carolina,2024,11,4538211.999999997,619,54,337,228,45
south carolina,2024,12,4538211.999999997,630,37,365,228,45
south dakota,2018,1,506092.9999999999,196,3,181,12,46
south dakota,2018,2,506092.9999999999,178,3,162,13,46
south dakota,2018,3,506092.9999999999,288,9,261,18,46
south dakota,2018,4,506092.9999999999,264,8,239,17,46
south dakota,2018,5,506092.9999999999,276,10,253,13,46
south dakota,2018,6,506092.9999999999,297,13,275,9,46
south dakota,2018,7,506092.9999999999,297,3,279,15,46
south dakota,2018,8,506092.9999999999,301,14,260,27,46
south dakota,2018,9,506092.9999999999,224,11,202,11,46
south dakota,2018,10,506092.9999999999,266,13,231,22,46
south dakota,2018,11,506092.9999999999,226,5,208,13,46
south dakota,2018,12,506092.9999999999,232,2,212,18,46
south dakota,2019,1,509133.9999999999,257,10,233,14,46
south dakota,2019,2,509133.9999999999,218,7,201,10,46
south dakota,2019,3,509133.9999999999,292,6,264,22,46
south dakota,2019,4,509133.9999999999,295,7,269,19,46
south dakota,2019,5,509133.9999999999,313,13,282,18,46
south dakota,2019,6,509133.9999999999,278,6,256,16,46
south dakota,2019,7,509133.9999999999,277,11,254,12,46
south dakota,2019,8,509133.9999999999,352,9,320,23,46
south dakota,2019,9,509133.9999999999,312,8,286,18,46
south dakota,2019,10,509133.9999999999,278,11,253,14,46
south dakota,2019,11,509133.9999999999,283,1,264,18,46
south dakota,2019,12,509133.9999999999,217,6,197,14,46
south dakota,2020,1,514633.0000000001,289,3,270,16,46
south dakota,2020,2,514633.0000000001,277,4,256,17,46
south dakota,2020,3,514633.0000000001,255,8,232,15,46
south dakota,2020,4,514633.0000000001,189,4,174,11,46
south dakota,2020,5,514633.0000000001,314,4,284,26,46
south dakota,2020,6,514633.0000000001,312,8,290,14,46
south dakota,2020,7,514633.0000000001,264,2,244,18,46
south dakota,2020,8,514633.0000000001,324,11,291,22,46
south dakota,2020,9,514633.0000000001,252,6,235,11,46
south dakota,2020,10,514633.0000000001,257,6,235,16,46
south dakota,2020,11,514633.0000000001,196,1,190,5,46
south dakota,2020,12,514633.0000000001,249,2,233,14,46
south dakota,2021,1,519142.00000000006,257,4,239,14,46
south dakota,2021,2,519142.00000000006,235,5,223,7,46
south dakota,2021,3,519142.00000000006,280,3,267,10,46
south dakota,2021,4,519142.00000000006,296,4,276,16,46
south dakota,2021,5,519142.00000000006,247,3,225,19,46
south dakota,2021,6,519142.00000000006,252,8,222,22,46
south dakota,2021,7,519142.00000000006,225,5,206,14,46
south dakota,2021,8,519142.00000000006,314,9,275,30,46
south dakota,2021,9,519142.00000000006,260,8,242,10,46
south dakota,2021,10,519142.00000000006,261,3,246,12,46
south dakota,2021,11,519142.00000000006,239,1,223,15,46
south dakota,2021,12,519142.00000000006,215,2,202,11,46
south dakota,2022,1,521911.9999999999,224,5,205,14,46
south dakota,2022,2,521911.9999999999,230,7,208,15,46
south dakota,2022,3,521911.9999999999,286,4,264,18,46
south dakota,2022,4,521911.9999999999,182,7,165,10,46
south dakota,2022,5,521911.9999999999,271,6,253,12,46
south dakota,2022,6,521911.9999999999,262,8,236,18,46
south dakota,2022,7,521911.9999999999,266,5,248,13,46
south dakota,2022,8,521911.9999999999,337,4,306,27,46
south dakota,2022,9,521911.9999999999,295,2,279,14,46
south dakota,2022,10,521911.9999999999,199,3,188,8,46
south dakota,2022,11,521911.9999999999,224,4,206,14,46
south dakota,2022,12,521911.9999999999,185,3,177,5,46
south dakota,2023,1,530348,223,6,208,9,46
south dakota,2023,2,530348,199,3,185,11,46
south dakota,2023,3,530348,275,5,251,19,46
south dakota,2023,4,530348,224,5,211,8,46
south dakota,2023,5,530348,255,10,233,12,46
south dakota,2023,6,530348,242,10,222,10,46
south dakota,2023,7,530348,231,6,211,14,46
south dakota,2023,8,530348,291,8,265,18,46
south dakota,2023,9,530348,221,6,202,13,46
south dakota,2023,10,530348,168,10,149,9,46
south dakota,2023,11,530348,202,3,185,14,46
south dakota,2023,12,530348,209,8,189,12,46
south dakota,2024,1,535124,171,8,150,13,46
south dakota,2024,2,535124,282,17,242,23,46
south dakota,2024,3,535124,240,12,218,10,46
south dakota,2024,4,535124,243,7,227,9,46
south dakota,2024,5,535124,221,7,200,14,46
south dakota,2024,6,535124,258,12,230,16,46
south dakota,2024,7,535124,273,12,243,18,46
south dakota,2024,8,535124,313,8,259,46,46
south dakota,2024,9,535124,232,7,209,16,46
south dakota,2024,10,535124,259,6,242,11,46
south dakota,2024,11,535124,194,4,169,21,46
south dakota,2024,12,535124,208,4,189,15,46
tennessee,2018,1,6199668.999999994,1437,181,871,385,47
tennessee,2018,2,6199668.999999994,1573,243,941,389,47
tennessee,2018,3,6199668.999999994,1988,236,1258,494,47
tennessee,2018,4,6199668.999999994,1787,202,1124,461,47
tennessee,2018,5,6199668.999999994,1726,180,1120,426,47
tennessee,2018,6,6199668.999999994,1739,194,1117,428,47
tennessee,2018,7,6199668.999999994,1770,226,1125,419,47
tennessee,2018,8,6199668.999999994,1881,203,1204,474,47
tennessee,2018,9,6199668.999999994,1624,196,1038,390,47
tennessee,2018,10,6199668.999999994,1612,161,1061,390,47
tennessee,2018,11,6199668.999999994,1382,148,915,319,47
tennessee,2018,12,6199668.999999994,1395,157,914,324,47
tennessee,2019,1,6254315.000000003,1612,217,1064,331,47
tennessee,2019,2,6254315.000000003,1475,155,1008,312,47
tennessee,2019,3,6254315.000000003,1722,177,1157,388,47
tennessee,2019,4,6254315.000000003,1584,171,1060,353,47
tennessee,2019,5,6254315.000000003,1799,200,1170,429,47
tennessee,2019,6,6254315.000000003,1844,190,1207,447,47
tennessee,2019,7,6254315.000000003,1875,196,1247,432,47
tennessee,2019,8,6254315.000000003,1929,202,1284,443,47
tennessee,2019,9,6254315.000000003,1777,195,1139,443,47
tennessee,2019,10,6254315.000000003,1690,179,1121,390,47
tennessee,2019,11,6254315.000000003,1484,156,985,343,47
tennessee,2019,12,6254315.000000003,1566,152,1050,364,47
tennessee,2020,1,6305665.000000001,1692,191,1105,396,47
tennessee,2020,2,6305665.000000001,1681,149,1121,411,47
tennessee,2020,3,6305665.000000001,1365,132,908,325,47
tennessee,2020,4,6305665.000000001,952,72,629,251,47
tennessee,2020,5,6305665.000000001,1743,195,1081,467,47
tennessee,2020,6,6305665.000000001,1537,158,1007,372,47
tennessee,2020,7,6305665.000000001,1492,142,966,384,47
tennessee,2020,8,6305665.000000001,1629,156,1067,406,47
tennessee,2020,9,6305665.000000001,1543,166,987,390,47
tennessee,2020,10,6305665.000000001,1564,171,989,404,47
tennessee,2020,11,6305665.000000001,1308,133,863,312,47
tennessee,2020,12,6305665.000000001,1326,125,818,383,47
tennessee,2021,1,6383334.999999999,1708,149,1170,389,47
tennessee,2021,2,6383334.999999999,1458,124,978,356,47
tennessee,2021,3,6383334.999999999,2040,174,1358,508,47
tennessee,2021,4,6383334.999999999,2257,207,1458,592,47
tennessee,2021,5,6383334.999999999,1992,167,1277,548,47
tennessee,2021,6,6383334.999999999,1714,156,1117,441,47
tennessee,2021,7,6383334.999999999,1816,186,1123,507,47
tennessee,2021,8,6383334.999999999,1656,189,1007,460,47
tennessee,2021,9,6383334.999999999,1337,127,848,362,47
tennessee,2021,10,6383334.999999999,1564,165,992,407,47
tennessee,2021,11,6383334.999999999,1430,147,900,383,47
tennessee,2021,12,6383334.999999999,1452,148,920,384,47
tennessee,2022,1,6437767.999999998,1314,127,850,337,47
tennessee,2022,2,6437767.999999998,1451,141,930,380,47
tennessee,2022,3,6437767.999999998,1734,187,1114,433,47
tennessee,2022,4,6437767.999999998,1545,156,982,407,47
tennessee,2022,5,6437767.999999998,1492,145,925,422,47
tennessee,2022,6,6437767.999999998,1445,157,921,367,47
tennessee,2022,7,6437767.999999998,1479,182,926,371,47
tennessee,2022,8,6437767.999999998,1444,153,910,381,47
tennessee,2022,9,6437767.999999998,1364,156,853,355,47
tennessee,2022,10,6437767.999999998,1366,176,815,375,47
tennessee,2022,11,6437767.999999998,1250,131,777,342,47
tennessee,2022,12,6437767.999999998,1276,143,805,328,47
tennessee,2023,1,6505218.000000003,1415,177,894,344,47
tennessee,2023,2,6505218.000000003,1296,151,800,345,47
tennessee,2023,3,6505218.000000003,1513,157,954,402,47
tennessee,2023,4,6505218.000000003,1501,183,948,370,47
tennessee,2023,5,6505218.000000003,1523,193,965,365,47
tennessee,2023,6,6505218.000000003,1496,180,969,347,47
tennessee,2023,7,6505218.000000003,1345,175,831,339,47
tennessee,2023,8,6505218.000000003,1406,182,878,346,47
tennessee,2023,9,6505218.000000003,1415,209,849,357,47
tennessee,2023,10,6505218.000000003,1291,140,830,321,47
tennessee,2023,11,6505218.000000003,1169,143,739,287,47
tennessee,2023,12,6505218.000000003,1166,156,708,302,47
tennessee,2024,1,6598795.000000004,1121,154,719,248,47
tennessee,2024,2,6598795.000000004,1327,193,805,329,47
tennessee,2024,3,6598795.000000004,1436,184,910,342,47
tennessee,2024,4,6598795.000000004,1421,192,944,285,47
tennessee,2024,5,6598795.000000004,1428,183,930,315,47
tennessee,2024,6,6598795.000000004,1415,175,905,335,47
tennessee,2024,7,6598795.000000004,1380,192,847,341,47
tennessee,2024,8,6598795.000000004,1356,186,864,306,47
tennessee,2024,9,6598795.000000004,1275,172,821,282,47
tennessee,2024,10,6598795.000000004,1176,176,770,230,47
tennessee,2024,11,6598795.000000004,1103,119,734,250,47
tennessee,2024,12,6598795.000000004,1001,145,620,236,47
texas,2018,1,22343913.000000015,4011,655,1790,1566,48
texas,2018,2,22343913.000000015,3741,578,1661,1502,48
texas,2018,3,22343913.000000015,4613,655,1998,1960,48
texas,2018,4,22343913.000000015,4342,616,1970,1756,48
texas,2018,5,22343913.000000015,4163,575,1792,1796,48
texas,2018,6,22343913.000000015,3743,588,1785,1370,48
texas,2018,7,22343913.000000015,3968,643,1852,1473,48
texas,2018,8,22343913.000000015,4274,605,2079,1590,48
texas,2018,9,22343913.000000015,3839,443,1938,1458,48
texas,2018,10,22343913.000000015,3849,467,1942,1440,48
texas,2018,11,22343913.000000015,3621,419,1840,1362,48
texas,2018,12,22343913.000000015,3574,445,1810,1319,48
texas,2019,1,22533928,4353,513,2299,1541,48
texas,2019,2,22533928,4140,479,2190,1471,48
texas,2019,3,22533928,4769,623,2433,1713,48
texas,2019,4,22533928,4272,487,2330,1455,48
texas,2019,5,22533928,4411,524,2428,1459,48
texas,2019,6,22533928,3922,461,2100,1361,48
texas,2019,7,22533928,4373,524,2430,1419,48
texas,2019,8,22533928,4089,487,2265,1337,48
texas,2019,9,22533928,3724,401,2108,1215,48
texas,2019,10,22533928,3521,362,2013,1146,48
texas,2019,11,22533928,3381,260,2025,1096,48
texas,2019,12,22533928,3562,329,2068,1165,48
texas,2020,1,22791284.00000004,3894,358,2410,1126,48
texas,2020,2,22791284.00000004,3849,327,2350,1172,48
texas,2020,3,22791284.00000004,3345,264,2112,969,48
texas,2020,4,22791284.00000004,2450,186,1459,805,48
texas,2020,5,22791284.00000004,3680,264,2191,1225,48
texas,2020,6,22791284.00000004,2774,278,1725,771,48
texas,2020,7,22791284.00000004,2622,185,1728,709,48
texas,2020,8,22791284.00000004,3406,253,2174,979,48
texas,2020,9,22791284.00000004,3578,279,2344,955,48
texas,2020,10,22791284.00000004,3566,220,2288,1058,48
texas,2020,11,22791284.00000004,3611,221,2431,959,48
texas,2020,12,22791284.00000004,3229,194,2140,895,48
texas,2021,1,22890213.999999993,3944,223,2621,1100,48
texas,2021,2,22890213.999999993,3139,167,2097,875,48
texas,2021,3,22890213.999999993,4809,312,3253,1244,48
texas,2021,4,22890213.999999993,4651,253,3177,1221,48
texas,2021,5,22890213.999999993,4187,252,2880,1055,48
texas,2021,6,22890213.999999993,4231,243,2846,1142,48
texas,2021,7,22890213.999999993,3944,186,2707,1051,48
texas,2021,8,22890213.999999993,3691,187,2546,958,48
texas,2021,9,22890213.999999993,3348,129,2251,968,48
texas,2021,10,22890213.999999993,3581,179,2398,1004,48
texas,2021,11,22890213.999999993,3383,136,2339,908,48
texas,2021,12,22890213.999999993,3420,181,2322,917,48
texas,2022,1,23083891.000000026,3384,164,2309,911,48
texas,2022,2,23083891.000000026,3220,157,2177,886,48
texas,2022,3,23083891.000000026,4181,182,2850,1149,48
texas,2022,4,23083891.000000026,3894,196,2631,1067,48
texas,2022,5,23083891.000000026,3935,195,2660,1080,48
texas,2022,6,23083891.000000026,3614,184,2353,1077,48
texas,2022,7,23083891.000000026,3732,180,2572,980,48
texas,2022,8,23083891.000000026,3829,188,2584,1057,48
texas,2022,9,23083891.000000026,3757,182,2594,981,48
texas,2022,10,23083891.000000026,3626,205,2417,1004,48
texas,2022,11,23083891.000000026,3184,146,2185,853,48
texas,2022,12,23083891.000000026,3394,199,2268,927,48
texas,2023,1,23407371.000000015,3986,232,2699,1055,48
texas,2023,2,23407371.000000015,3664,197,2503,964,48
texas,2023,3,23407371.000000015,4341,204,2970,1167,48
texas,2023,4,23407371.000000015,3842,216,2686,940,48
texas,2023,5,23407371.000000015,3598,233,2486,879,48
texas,2023,6,23407371.000000015,3349,189,2268,892,48
texas,2023,7,23407371.000000015,3276,209,2191,876,48
texas,2023,8,23407371.000000015,3505,219,2378,908,48
texas,2023,9,23407371.000000015,3518,207,2394,917,48
texas,2023,10,23407371.000000015,3503,202,2325,976,48
texas,2023,11,23407371.000000015,3265,189,2184,892,48
texas,2023,12,23407371.000000015,3314,200,2223,891,48
texas,2024,1,23955609.000000015,3410,249,2266,895,48
texas,2024,2,23955609.000000015,3713,227,2463,1023,48
texas,2024,3,23955609.000000015,4012,223,2641,1148,48
texas,2024,4,23955609.000000015,4067,246,2719,1102,48
texas,2024,5,23955609.000000015,3915,221,2672,1022,48
texas,2024,6,23955609.000000015,3764,227,2485,1052,48
texas,2024,7,23955609.000000015,3713,198,2487,1028,48
texas,2024,8,23955609.000000015,3963,237,2653,1073,48
texas,2024,9,23955609.000000015,3855,227,2589,1039,48
texas,2024,10,23955609.000000015,3875,216,2582,1077,48
texas,2024,11,23955609.000000015,3403,147,2298,958,48
texas,2024,12,23955609.000000015,3570,171,2397,1002,48
utah,2018,1,2096831.9999999984,801,26,621,154,49
utah,2018,2,2096831.9999999984,651,16,481,154,49
utah,2018,3,2096831.9999999984,778,17,573,188,49
utah,2018,4,2096831.9999999984,663,22,486,155,49
utah,2018,5,2096831.9999999984,782,12,576,194,49
utah,2018,6,2096831.9999999984,688,13,522,153,49
utah,2018,7,2096831.9999999984,756,22,561,173,49
utah,2018,8,2096831.9999999984,727,17,549,161,49
utah,2018,9,2096831.9999999984,748,19,576,153,49
utah,2018,10,2096831.9999999984,650,24,477,149,49
utah,2018,11,2096831.9999999984,623,12,461,150,49
utah,2018,12,2096831.9999999984,500,6,358,136,49
utah,2019,1,2129998,685,28,504,153,49
utah,2019,2,2129998,512,6,374,132,49
utah,2019,3,2129998,653,10,476,167,49
utah,2019,4,2129998,648,10,466,172,49
utah,2019,5,2129998,609,14,424,171,49
utah,2019,6,2129998,650,15,464,171,49
utah,2019,7,2129998,643,7,487,149,49
utah,2019,8,2129998,639,9,455,175,49
utah,2019,9,2129998,663,4,488,171,49
utah,2019,10,2129998,572,8,417,147,49
utah,2019,11,2129998,569,9,401,159,49
utah,2019,12,2129998,481,14,359,108,49
utah,2020,1,2160941.9999999995,548,14,386,148,49
utah,2020,2,2160941.9999999995,489,13,334,142,49
utah,2020,3,2160941.9999999995,425,13,302,110,49
utah,2020,4,2160941.9999999995,356,12,238,106,49
utah,2020,5,2160941.9999999995,480,8,311,161,49
utah,2020,6,2160941.9999999995,399,10,251,138,49
utah,2020,7,2160941.9999999995,401,8,264,129,49
utah,2020,8,2160941.9999999995,402,11,242,149,49
utah,2020,9,2160941.9999999995,382,10,249,123,49
utah,2020,10,2160941.9999999995,351,11,228,112,49
utah,2020,11,2160941.9999999995,336,11,210,115,49
utah,2020,12,2160941.9999999995,392,12,248,132,49
utah,2021,1,2219770,406,14,263,129,49
utah,2021,2,2219770,385,9,235,141,49
utah,2021,3,2219770,509,16,317,176,49
utah,2021,4,2219770,530,14,319,197,49
utah,2021,5,2219770,500,12,285,203,49
utah,2021,6,2219770,514,13,322,179,49
utah,2021,7,2219770,487,18,286,183,49
utah,2021,8,2219770,469,21,288,160,49
utah,2021,9,2219770,458,19,280,159,49
utah,2021,10,2219770,403,6,254,143,49
utah,2021,11,2219770,388,6,258,124,49
utah,2021,12,2219770,379,15,229,135,49
utah,2022,1,2267953.9999999963,443,12,288,143,49
utah,2022,2,2267953.9999999963,411,7,250,154,49
utah,2022,3,2267953.9999999963,498,11,325,162,49
utah,2022,4,2267953.9999999963,393,13,262,118,49
utah,2022,5,2267953.9999999963,426,12,279,135,49
utah,2022,6,2267953.9999999963,399,11,249,139,49
utah,2022,7,2267953.9999999963,414,16,251,147,49
utah,2022,8,2267953.9999999963,470,23,306,141,49
utah,2022,9,2267953.9999999963,528,26,336,166,49
utah,2022,10,2267953.9999999963,469,14,291,164,49
utah,2022,11,2267953.9999999963,378,8,241,129,49
utah,2022,12,2267953.9999999963,381,18,233,130,49
utah,2023,1,2298919.000000001,454,16,296,142,49
utah,2023,2,2298919.000000001,418,11,274,133,49
utah,2023,3,2298919.000000001,503,22,349,132,49
utah,2023,4,2298919.000000001,458,16,323,119,49
utah,2023,5,2298919.000000001,587,38,391,158,49
utah,2023,6,2298919.000000001,540,27,373,140,49
utah,2023,7,2298919.000000001,514,39,353,122,49
utah,2023,8,2298919.000000001,581,43,369,169,49
utah,2023,9,2298919.000000001,502,38,333,131,49
utah,2023,10,2298919.000000001,509,48,330,131,49
utah,2023,11,2298919.000000001,431,48,278,105,49
utah,2023,12,2298919.000000001,543,58,347,138,49
utah,2024,1,2349907.000000002,508,49,341,118,49
utah,2024,2,2349907.000000002,485,54,317,114,49
utah,2024,3,2349907.000000002,573,72,396,105,49
utah,2024,4,2349907.000000002,500,48,347,105,49
utah,2024,5,2349907.000000002,536,61,368,107,49
utah,2024,6,2349907.000000002,532,68,378,86,49
utah,2024,7,2349907.000000002,595,74,406,115,49
utah,2024,8,2349907.000000002,561,71,370,120,49
utah,2024,9,2349907.000000002,488,37,318,133,49
utah,2024,10,2349907.000000002,476,19,323,134,49
utah,2024,11,2349907.000000002,470,34,306,130,49
utah,2024,12,2349907.000000002,475,37,308,130,49
vermont,2018,1,501036.99999999994,31,4,7,20,50
vermont,2018,2,501036.99999999994,48,8,4,36,50
vermont,2018,3,501036.99999999994,47,4,12,31,50
vermont,2018,4,501036.99999999994,37,7,3,27,50
vermont,2018,5,501036.99999999994,48,7,14,27,50
vermont,2018,6,501036.99999999994,50,4,11,35,50
vermont,2018,7,501036.99999999994,41,5,4,32,50
vermont,2018,8,501036.99999999994,62,3,15,44,50
vermont,2018,9,501036.99999999994,39,3,5,31,50
vermont,2018,10,501036.99999999994,54,7,6,41,50
vermont,2018,11,501036.99999999994,34,5,3,26,50
vermont,2018,12,501036.99999999994,48,4,17,27,50
vermont,2019,1,498915.00000000006,39,6,9,24,50
vermont,2019,2,498915.00000000006,29,2,10,17,50
vermont,2019,3,498915.00000000006,50,3,13,34,50
vermont,2019,4,498915.00000000006,44,2,6,36,50
vermont,2019,5,498915.00000000006,47,5,10,32,50
vermont,2019,6,498915.00000000006,34,4,6,24,50
vermont,2019,7,498915.00000000006,56,6,9,41,50
vermont,2019,8,498915.00000000006,56,5,15,36,50
vermont,2019,9,498915.00000000006,63,6,5,52,50
vermont,2019,10,498915.00000000006,56,4,13,39,50
vermont,2019,11,498915.00000000006,33,3,9,21,50
vermont,2019,12,498915.00000000006,40,4,10,26,50
vermont,2020,1,498011,38,3,7,28,50
vermont,2020,2,498011,41,1,7,33,50
vermont,2020,3,498011,36,3,13,20,50
vermont,2020,4,498011,34,2,6,26,50
vermont,2020,5,498011,34,1,6,27,50
vermont,2020,6,498011,53,1,15,37,50
vermont,2020,7,498011,59,3,13,43,50
vermont,2020,8,498011,56,3,14,39,50
vermont,2020,9,498011,41,3,9,29,50
vermont,2020,10,498011,56,2,15,39,50
vermont,2020,11,498011,35,0,5,30,50
vermont,2020,12,498011,23,2,7,14,50
vermont,2021,1,519065.0000000002,32,1,6,25,50
vermont,2021,2,519065.0000000002,40,3,8,29,50
vermont,2021,3,519065.0000000002,57,2,12,43,50
vermont,2021,4,519065.0000000002,52,2,13,37,50
vermont,2021,5,519065.0000000002,49,2,8,39,50
vermont,2021,6,519065.0000000002,48,1,8,39,50
vermont,2021,7,519065.0000000002,50,0,5,45,50
vermont,2021,8,519065.0000000002,29,1,4,24,50
vermont,2021,9,519065.0000000002,37,1,6,30,50
vermont,2021,10,519065.0000000002,39,0,8,31,50
vermont,2021,11,519065.0000000002,37,1,7,29,50
vermont,2021,12,519065.0000000002,41,2,8,31,50
vermont,2022,1,516223.9999999999,34,0,6,28,50
vermont,2022,2,516223.9999999999,27,1,0,26,50
vermont,2022,3,516223.9999999999,52,4,5,43,50
vermont,2022,4,516223.9999999999,31,4,6,21,50
vermont,2022,5,516223.9999999999,46,2,4,40,50
vermont,2022,6,516223.9999999999,31,1,1,29,50
vermont,2022,7,516223.9999999999,38,3,6,29,50
vermont,2022,8,516223.9999999999,46,4,4,38,50
vermont,2022,9,516223.9999999999,39,2,6,31,50
vermont,2022,10,516223.9999999999,49,4,6,39,50
vermont,2022,11,516223.9999999999,45,1,9,35,50
vermont,2022,12,516223.9999999999,49,5,9,35,50
vermont,2023,1,516646.99999999994,48,3,9,36,50
vermont,2023,2,516646.99999999994,29,5,1,23,50
vermont,2023,3,516646.99999999994,57,6,3,48,50
vermont,2023,4,516646.99999999994,43,6,2,35,50
vermont,2023,5,516646.99999999994,43,1,4,38,50
vermont,2023,6,516646.99999999994,50,3,11,36,50
vermont,2023,7,516646.99999999994,39,1,7,31,50
vermont,2023,8,516646.99999999994,56,11,9,36,50
vermont,2023,9,516646.99999999994,66,4,5,57,50
vermont,2023,10,516646.99999999994,36,5,6,25,50
vermont,2023,11,516646.99999999994,46,2,8,36,50
vermont,2023,12,516646.99999999994,56,3,6,47,50
vermont,2024,1,517414.99999999965,42,3,2,37,50
vermont,2024,2,517414.99999999965,36,3,6,27,50
vermont,2024,3,517414.99999999965,72,7,8,57,50
vermont,2024,4,517414.99999999965,59,6,9,44,50
vermont,2024,5,517414.99999999965,58,9,7,42,50
vermont,2024,6,517414.99999999965,60,8,5,47,50
vermont,2024,7,517414.99999999965,52,3,4,45,50
vermont,2024,8,517414.99999999965,52,3,4,45,50
vermont,2024,9,517414.99999999965,63,5,8,50,50
vermont,2024,10,517414.99999999965,40,3,6,31,50
vermont,2024,11,517414.99999999965,42,10,7,25,50
vermont,2024,12,517414.99999999965,47,4,4,39,50
virginia,2018,1,7899041.0000000065,992,53,562,377,51
virginia,2018,2,7899041.0000000065,1170,76,703,391,51
virginia,2018,3,7899041.0000000065,1315,95,756,464,51
virginia,2018,4,7899041.0000000065,1285,81,768,436,51
virginia,2018,5,7899041.0000000065,1290,70,767,453,51
virginia,2018,6,7899041.0000000065,1257,69,739,449,51
virginia,2018,7,7899041.0000000065,1264,59,770,435,51
virginia,2018,8,7899041.0000000065,1371,86,792,493,51
virginia,2018,9,7899041.0000000065,1190,74,716,400,51
virginia,2018,10,7899041.0000000065,1177,74,725,378,51
virginia,2018,11,7899041.0000000065,1149,71,705,373,51
virginia,2018,12,7899041.0000000065,1168,70,729,369,51
virginia,2019,1,7919316.999999997,1297,76,787,434,51
virginia,2019,2,7919316.999999997,1197,74,689,434,51
virginia,2019,3,7919316.999999997,1234,92,671,471,51
virginia,2019,4,7919316.999999997,1188,88,654,446,51
virginia,2019,5,7919316.999999997,1245,82,664,499,51
virginia,2019,6,7919316.999999997,1273,79,716,478,51
virginia,2019,7,7919316.999999997,1236,70,697,469,51
virginia,2019,8,7919316.999999997,1261,84,655,522,51
virginia,2019,9,7919316.999999997,1206,73,662,471,51
virginia,2019,10,7919316.999999997,1099,54,577,468,51
virginia,2019,11,7919316.999999997,1052,55,620,377,51
virginia,2019,12,7919316.999999997,1057,59,598,400,51
virginia,2020,1,7971783.9999999935,1211,66,637,508,51
virginia,2020,2,7971783.9999999935,1146,60,686,400,51
virginia,2020,3,7971783.9999999935,1073,74,561,438,51
virginia,2020,4,7971783.9999999935,804,48,417,339,51
virginia,2020,5,7971783.9999999935,1280,86,724,470,51
virginia,2020,6,7971783.9999999935,862,47,484,331,51
virginia,2020,7,7971783.9999999935,876,61,470,345,51
virginia,2020,8,7971783.9999999935,847,54,469,324,51
virginia,2020,9,7971783.9999999935,816,55,478,283,51
virginia,2020,10,7971783.9999999935,841,50,496,295,51
virginia,2020,11,7971783.9999999935,783,55,423,305,51
virginia,2020,12,7971783.9999999935,792,67,421,304,51
virginia,2021,1,8026858.999999988,814,53,467,294,51
virginia,2021,2,8026858.999999988,792,51,437,304,51
virginia,2021,3,8026858.999999988,928,65,498,365,51
virginia,2021,4,8026858.999999988,794,68,429,297,51
virginia,2021,5,8026858.999999988,788,64,420,304,51
virginia,2021,6,8026858.999999988,811,56,457,298,51
virginia,2021,7,8026858.999999988,729,50,388,291,51
virginia,2021,8,8026858.999999988,697,55,389,253,51
virginia,2021,9,8026858.999999988,668,48,375,245,51
virginia,2021,10,8026858.999999988,653,49,378,226,51
virginia,2021,11,8026858.999999988,646,58,338,250,51
virginia,2021,12,8026858.999999988,631,43,372,216,51
virginia,2022,1,8065402.999999995,617,41,325,251,51
virginia,2022,2,8065402.999999995,697,54,374,269,51
virginia,2022,3,8065402.999999995,807,74,456,277,51
virginia,2022,4,8065402.999999995,757,61,423,273,51
virginia,2022,5,8065402.999999995,732,69,406,257,51
virginia,2022,6,8065402.999999995,765,84,418,263,51
virginia,2022,7,8065402.999999995,732,83,402,247,51
virginia,2022,8,8065402.999999995,811,62,454,295,51
virginia,2022,9,8065402.999999995,739,68,403,268,51
virginia,2022,10,8065402.999999995,718,62,373,283,51
virginia,2022,11,8065402.999999995,717,68,358,291,51
virginia,2022,12,8065402.999999995,734,63,385,286,51
virginia,2023,1,8095752.000000002,924,83,468,373,51
virginia,2023,2,8095752.000000002,824,99,378,347,51
virginia,2023,3,8095752.000000002,903,85,479,339,51
virginia,2023,4,8095752.000000002,798,101,402,295,51
virginia,2023,5,8095752.000000002,929,105,415,409,51
virginia,2023,6,8095752.000000002,872,86,409,377,51
virginia,2023,7,8095752.000000002,873,115,425,333,51
virginia,2023,8,8095752.000000002,918,133,436,349,51
virginia,2023,9,8095752.000000002,899,120,408,371,51
virginia,2023,10,8095752.000000002,896,104,434,358,51
virginia,2023,11,8095752.000000002,765,85,376,304,51
virginia,2023,12,8095752.000000002,781,103,374,304,51
virginia,2024,1,8185637.999999998,906,132,400,374,51
virginia,2024,2,8185637.999999998,864,109,425,330,51
virginia,2024,3,8185637.999999998,890,99,437,354,51
virginia,2024,4,8185637.999999998,900,122,458,320,51
virginia,2024,5,8185637.999999998,826,74,414,338,51
virginia,2024,6,8185637.999999998,839,85,423,331,51
virginia,2024,7,8185637.999999998,875,73,418,384,51
virginia,2024,8,8185637.999999998,823,68,416,339,51
virginia,2024,9,8185637.999999998,715,55,323,337,51
virginia,2024,10,8185637.999999998,789,62,417,310,51
virginia,2024,11,8185637.999999998,707,62,358,287,51
virginia,2024,12,8185637.999999998,705,63,366,276,51
washington,2018,1,6300554.0000000065,724,10,482,232,53
washington,2018,2,6300554.0000000065,700,14,426,260,53
washington,2018,3,6300554.0000000065,831,18,524,289,53
washington,2018,4,6300554.0000000065,694,17,460,217,53
washington,2018,5,6300554.0000000065,707,13,464,230,53
washington,2018,6,6300554.0000000065,674,10,427,237,53
washington,2018,7,6300554.0000000065,721,13,454,254,53
washington,2018,8,6300554.0000000065,691,12,427,252,53
washington,2018,9,6300554.0000000065,661,11,423,227,53
washington,2018,10,6300554.0000000065,629,8,413,208,53
washington,2018,11,6300554.0000000065,715,13,471,231,53
washington,2018,12,6300554.0000000065,621,17,392,212,53
washington,2019,1,6378909.999999997,736,16,491,229,53
washington,2019,2,6378909.999999997,587,12,379,196,53
washington,2019,3,6378909.999999997,718,12,450,256,53
washington,2019,4,6378909.999999997,725,8,453,264,53
washington,2019,5,6378909.999999997,725,12,481,232,53
washington,2019,6,6378909.999999997,663,7,423,233,53
washington,2019,7,6378909.999999997,687,10,426,251,53
washington,2019,8,6378909.999999997,723,11,429,283,53
washington,2019,9,6378909.999999997,760,6,488,266,53
washington,2019,10,6378909.999999997,656,10,411,235,53
washington,2019,11,6378909.999999997,622,13,372,237,53
washington,2019,12,6378909.999999997,622,11,373,238,53
washington,2020,1,6451015.999999992,720,20,453,247,53
washington,2020,2,6451015.999999992,753,16,471,266,53
washington,2020,3,6451015.999999992,483,10,281,192,53
washington,2020,4,6451015.999999992,380,9,224,147,53
washington,2020,5,6451015.999999992,536,8,277,251,53
washington,2020,6,6451015.999999992,359,14,190,155,53
washington,2020,7,6451015.999999992,395,8,234,153,53
washington,2020,8,6451015.999999992,450,18,261,171,53
washington,2020,9,6451015.999999992,447,13,262,172,53
washington,2020,10,6451015.999999992,461,24,268,169,53
washington,2020,11,6451015.999999992,456,15,254,187,53
washington,2020,12,6451015.999999992,451,13,260,178,53
washington,2021,1,6495427.000000007,518,18,303,197,53
washington,2021,2,6495427.000000007,370,14,221,135,53
washington,2021,3,6495427.000000007,58,4,34,20,53
washington,2021,4,6495427.000000007,47,2,28,17,53
washington,2021,5,6495427.000000007,29,1,21,7,53
washington,2021,6,6495427.000000007,24,4,17,3,53
washington,2021,7,6495427.000000007,15,0,10,5,53
washington,2021,8,6495427.000000007,18,2,9,7,53
washington,2021,9,6495427.000000007,15,2,11,2,53
washington,2021,10,6495427.000000007,24,4,14,6,53
washington,2021,11,6495427.000000007,27,1,23,3,53
washington,2021,12,6495427.000000007,20,0,16,4,53
washington,2022,1,6527003,21,1,18,2,53
washington,2022,2,6527003,31,3,22,6,53
washington,2022,3,6527003,36,3,27,6,53
washington,2022,4,6527003,31,4,21,6,53
washington,2022,5,6527003,31,7,21,3,53
washington,2022,6,6527003,42,3,35,4,53
washington,2022,7,6527003,38,6,26,6,53
washington,2022,8,6527003,39,10,25,4,53
washington,2022,9,6527003,37,0,31,6,53
washington,2022,10,6527003,45,4,31,10,53
washington,2022,11,6527003,38,10,22,6,53
washington,2022,12,6527003,57,12,36,9,53
washington,2023,1,6555289.000000003,55,15,30,10,53
washington,2023,2,6555289.000000003,62,15,35,12,53
washington,2023,3,6555289.000000003,70,23,40,7,53
washington,2023,4,6555289.000000003,86,25,51,10,53
washington,2023,5,6555289.000000003,118,34,74,10,53
washington,2023,6,6555289.000000003,97,30,64,3,53
washington,2023,7,6555289.000000003,181,60,106,15,53
washington,2023,8,6555289.000000003,444,109,272,63,53
washington,2023,9,6555289.000000003,652,137,413,102,53
washington,2023,10,6555289.000000003,624,112,413,99,53
washington,2023,11,6555289.000000003,525,118,320,87,53
washington,2023,12,6555289.000000003,474,105,307,62,53
washington,2024,1,6654008.000000001,636,121,431,84,53
washington,2024,2,6654008.000000001,667,140,430,97,53
washington,2024,3,6654008.000000001,731,137,496,98,53
washington,2024,4,6654008.000000001,715,149,455,111,53
washington,2024,5,6654008.000000001,753,135,498,120,53
washington,2024,6,6654008.000000001,688,116,477,95,53
washington,2024,7,6654008.000000001,708,132,474,102,53
washington,2024,8,6654008.000000001,720,150,463,107,53
washington,2024,9,6654008.000000001,714,119,511,84,53
washington,2024,10,6654008.000000001,687,121,462,104,53
washington,2024,11,6654008.000000001,604,95,419,90,53
washington,2024,12,6654008.000000001,557,79,382,96,53
west virginia,2018,1,551393.0000000001,98,12,47,39,54
west virginia,2018,2,551393.0000000001,152,21,75,56,54
west virginia,2018,3,551393.0000000001,162,21,72,69,54
west virginia,2018,4,551393.0000000001,148,23,89,36,54
west virginia,2018,5,551393.0000000001,140,22,68,50,54
west virginia,2018,6,551393.0000000001,164,28,76,60,54
west virginia,2018,7,551393.0000000001,167,22,74,71,54
west virginia,2018,8,551393.0000000001,177,32,86,59,54
west virginia,2018,9,551393.0000000001,116,15,65,36,54
west virginia,2018,10,551393.0000000001,152,18,77,57,54
west virginia,2018,11,551393.0000000001,124,20,69,35,54
west virginia,2018,12,551393.0000000001,151,28,80,43,54
west virginia,2019,1,550960.0000000002,124,18,79,27,54
west virginia,2019,2,550960.0000000002,115,10,73,32,54
west virginia,2019,3,550960.0000000002,166,12,102,52,54
west virginia,2019,4,550960.0000000002,160,19,85,56,54
west virginia,2019,5,550960.0000000002,154,20,91,43,54
west virginia,2019,6,550960.0000000002,127,11,72,44,54
west virginia,2019,7,550960.0000000002,152,14,93,45,54
west virginia,2019,8,550960.0000000002,160,15,96,49,54
west virginia,2019,9,550960.0000000002,130,15,75,40,54
west virginia,2019,10,550960.0000000002,80,5,44,31,54
west virginia,2019,11,550960.0000000002,65,6,33,26,54
west virginia,2019,12,550960.0000000002,127,11,71,45,54
west virginia,2020,1,551021.9999999999,169,19,99,51,54
west virginia,2020,2,551021.9999999999,170,8,102,60,54
west virginia,2020,3,551021.9999999999,144,18,80,46,54
west virginia,2020,4,551021.9999999999,73,13,30,30,54
west virginia,2020,5,551021.9999999999,156,10,85,61,54
west virginia,2020,6,551021.9999999999,163,16,81,66,54
west virginia,2020,7,551021.9999999999,136,13,62,61,54
west virginia,2020,8,551021.9999999999,182,11,91,80,54
west virginia,2020,9,551021.9999999999,160,14,80,66,54
west virginia,2020,10,551021.9999999999,166,9,108,49,54
west virginia,2020,11,551021.9999999999,101,9,52,40,54
west virginia,2020,12,551021.9999999999,88,9,47,32,54
west virginia,2021,1,555188.0000000003,196,19,110,67,54
west virginia,2021,2,555188.0000000003,130,4,75,51,54
west virginia,2021,3,555188.0000000003,220,18,107,95,54
west virginia,2021,4,555188.0000000003,198,11,117,70,54
west virginia,2021,5,555188.0000000003,178,8,101,69,54
west virginia,2021,6,555188.0000000003,164,12,84,68,54
west virginia,2021,7,555188.0000000003,168,9,102,57,54
west virginia,2021,8,555188.0000000003,198,14,113,71,54
west virginia,2021,9,555188.0000000003,161,10,85,66,54
west virginia,2021,10,555188.0000000003,104,5,55,44,54
west virginia,2021,11,555188.0000000003,86,13,44,29,54
west virginia,2021,12,555188.0000000003,131,19,53,59,54
west virginia,2022,1,561095.0000000001,97,8,51,38,54
west virginia,2022,2,561095.0000000001,120,14,70,36,54
west virginia,2022,3,561095.0000000001,156,14,85,57,54
west virginia,2022,4,561095.0000000001,115,5,69,41,54
west virginia,2022,5,561095.0000000001,142,10,84,48,54
west virginia,2022,6,561095.0000000001,150,5,88,57,54
west virginia,2022,7,561095.0000000001,162,10,97,55,54
west virginia,2022,8,561095.0000000001,137,24,61,52,54
west virginia,2022,9,561095.0000000001,170,24,77,69,54
west virginia,2022,10,561095.0000000001,129,13,67,49,54
west virginia,2022,11,561095.0000000001,131,17,76,38,54
west virginia,2022,12,561095.0000000001,129,14,60,55,54
west virginia,2023,1,563977.9999999999,146,15,85,46,54
west virginia,2023,2,563977.9999999999,171,20,94,57,54
west virginia,2023,3,563977.9999999999,149,23,94,32,54
west virginia,2023,4,563977.9999999999,142,19,78,45,54
west virginia,2023,5,563977.9999999999,163,24,89,50,54
west virginia,2023,6,563977.9999999999,155,23,80,52,54
west virginia,2023,7,563977.9999999999,149,20,83,46,54
west virginia,2023,8,563977.9999999999,186,15,114,57,54
west virginia,2023,9,563977.9999999999,126,14,65,47,54
west virginia,2023,10,563977.9999999999,156,23,81,52,54
west virginia,2023,11,563977.9999999999,146,16,85,45,54
west virginia,2023,12,563977.9999999999,134,14,70,50,54
west virginia,2024,1,567279.9999999997,148,20,74,54,54
west virginia,2024,2,567279.9999999997,160,19,79,62,54
west virginia,2024,3,567279.9999999997,187,25,101,61,54
west virginia,2024,4,567279.9999999997,149,11,82,56,54
west virginia,2024,5,567279.9999999997,186,39,95,52,54
west virginia,2024,6,567279.9999999997,173,20,85,68,54
west virginia,2024,7,567279.9999999997,181,20,113,48,54
west virginia,2024,8,567279.9999999997,205,30,121,54,54
west virginia,2024,9,567279.9999999997,156,23,83,50,54
west virginia,2024,10,567279.9999999997,173,26,83,64,54
west virginia,2024,11,567279.9999999997,120,29,55,36,54
west virginia,2024,12,567279.9999999997,112,11,59,42,54
wisconsin,2018,1,4595775.999999999,593,79,292,222,55
wisconsin,2018,2,4595775.999999999,652,98,353,201,55
wisconsin,2018,3,4595775.999999999,725,82,370,273,55
wisconsin,2018,4,4595775.999999999,613,99,298,216,55
wisconsin,2018,5,4595775.999999999,627,85,311,231,55
wisconsin,2018,6,4595775.999999999,601,91,299,211,55
wisconsin,2018,7,4595775.999999999,615,107,286,222,55
wisconsin,2018,8,4595775.999999999,626,94,313,219,55
wisconsin,2018,9,4595775.999999999,565,76,298,191,55
wisconsin,2018,10,4595775.999999999,584,87,285,212,55
wisconsin,2018,11,4595775.999999999,527,67,288,172,55
wisconsin,2018,12,4595775.999999999,547,69,301,177,55
wisconsin,2019,1,4601791.000000001,488,68,280,140,55
wisconsin,2019,2,4601791.000000001,488,75,257,156,55
wisconsin,2019,3,4601791.000000001,639,87,331,221,55
wisconsin,2019,4,4601791.000000001,598,58,345,195,55
wisconsin,2019,5,4601791.000000001,583,67,344,172,55
wisconsin,2019,6,4601791.000000001,575,55,304,216,55
wisconsin,2019,7,4601791.000000001,565,74,278,213,55
wisconsin,2019,8,4601791.000000001,609,93,302,214,55
wisconsin,2019,9,4601791.000000001,578,58,306,214,55
wisconsin,2019,10,4601791.000000001,555,73,293,189,55
wisconsin,2019,11,4601791.000000001,500,60,265,175,55
wisconsin,2019,12,4601791.000000001,535,67,283,185,55
wisconsin,2020,1,4605321.999999997,673,52,393,228,55
wisconsin,2020,2,4605321.999999997,638,57,364,217,55
wisconsin,2020,3,4605321.999999997,537,43,311,183,55
wisconsin,2020,4,4605321.999999997,448,41,235,172,55
wisconsin,2020,5,4605321.999999997,605,81,338,186,55
wisconsin,2020,6,4605321.999999997,485,63,264,158,55
wisconsin,2020,7,4605321.999999997,539,70,312,157,55
wisconsin,2020,8,4605321.999999997,533,74,296,163,55
wisconsin,2020,9,4605321.999999997,550,66,326,158,55
wisconsin,2020,10,4605321.999999997,544,68,336,140,55
wisconsin,2020,11,4605321.999999997,541,54,351,136,55
wisconsin,2020,12,4605321.999999997,545,61,361,123,55
wisconsin,2021,1,4652315,631,46,425,160,55
wisconsin,2021,2,4652315,562,41,361,160,55
wisconsin,2021,3,4652315,782,55,504,223,55
wisconsin,2021,4,4652315,834,46,552,236,55
wisconsin,2021,5,4652315,741,55,469,217,55
wisconsin,2021,6,4652315,674,53,410,211,55
wisconsin,2021,7,4652315,704,45,462,197,55
wisconsin,2021,8,4652315,652,40,440,172,55
wisconsin,2021,9,4652315,689,49,462,178,55
wisconsin,2021,10,4652315,586,42,370,174,55
wisconsin,2021,11,4652315,519,36,318,165,55
wisconsin,2021,12,4652315,503,45,293,165,55
wisconsin,2022,1,4626020.999999996,550,42,338,170,55
wisconsin,2022,2,4626020.999999996,611,43,373,195,55
wisconsin,2022,3,4626020.999999996,674,48,440,186,55
wisconsin,2022,4,4626020.999999996,621,46,411,164,55
wisconsin,2022,5,4626020.999999996,630,60,401,169,55
wisconsin,2022,6,4626020.999999996,601,61,382,158,55
wisconsin,2022,7,4626020.999999996,650,62,403,185,55
wisconsin,2022,8,4626020.999999996,651,74,388,189,55
wisconsin,2022,9,4626020.999999996,594,57,376,161,55
wisconsin,2022,10,4626020.999999996,618,59,390,169,55
wisconsin,2022,11,4626020.999999996,520,61,312,147,55
wisconsin,2022,12,4626020.999999996,527,61,338,128,55
wisconsin,2023,1,4639085.000000005,652,78,404,170,55
wisconsin,2023,2,4639085.000000005,541,52,340,149,55
wisconsin,2023,3,4639085.000000005,697,64,431,202,55
wisconsin,2023,4,4639085.000000005,634,69,371,194,55
wisconsin,2023,5,4639085.000000005,650,65,388,197,55
wisconsin,2023,6,4639085.000000005,556,57,336,163,55
wisconsin,2023,7,4639085.000000005,694,84,401,209,55
wisconsin,2023,8,4639085.000000005,658,67,377,214,55
wisconsin,2023,9,4639085.000000005,567,58,313,196,55
wisconsin,2023,10,4639085.000000005,546,42,315,189,55
wisconsin,2023,11,4639085.000000005,556,56,334,166,55
wisconsin,2023,12,4639085.000000005,566,51,348,167,55
wisconsin,2024,1,4678295.9999999935,559,54,361,144,55
wisconsin,2024,2,4678295.9999999935,607,76,370,161,55
wisconsin,2024,3,4678295.9999999935,683,51,409,223,55
wisconsin,2024,4,4678295.9999999935,593,60,319,214,55
wisconsin,2024,5,4678295.9999999935,673,63,384,226,55
wisconsin,2024,6,4678295.9999999935,650,55,373,222,55
wisconsin,2024,7,4678295.9999999935,655,46,433,176,55
wisconsin,2024,8,4678295.9999999935,637,66,381,190,55
wisconsin,2024,9,4678295.9999999935,595,53,355,187,55
wisconsin,2024,10,4678295.9999999935,518,41,313,164,55
wisconsin,2024,11,4678295.9999999935,440,45,241,154,55
wisconsin,2024,12,4678295.9999999935,534,50,311,173,55
wyoming,2018,1,283344.99999999977,94,42,48,4,56
wyoming,2018,2,283344.99999999977,85,41,41,3,56
wyoming,2018,3,283344.99999999977,136,83,40,13,56
wyoming,2018,4,283344.99999999977,84,40,40,4,56
wyoming,2018,5,283344.99999999977,100,58,37,5,56
wyoming,2018,6,283344.99999999977,92,58,29,5,56
wyoming,2018,7,283344.99999999977,79,47,29,3,56
wyoming,2018,8,283344.99999999977,96,42,47,7,56
wyoming,2018,9,283344.99999999977,85,48,33,4,56
wyoming,2018,10,283344.99999999977,100,39,58,3,56
wyoming,2018,11,283344.99999999977,75,32,37,6,56
wyoming,2018,12,283344.99999999977,65,33,27,5,56
wyoming,2019,1,283495.0000000002,136,69,61,6,56
wyoming,2019,2,283495.0000000002,69,33,29,7,56
wyoming,2019,3,283495.0000000002,99,43,54,2,56
wyoming,2019,4,283495.0000000002,95,56,29,10,56
wyoming,2019,5,283495.0000000002,61,38,21,2,56
wyoming,2019,6,283495.0000000002,86,41,42,3,56
wyoming,2019,7,283495.0000000002,74,41,29,4,56
wyoming,2019,8,283495.0000000002,103,62,32,9,56
wyoming,2019,9,283495.0000000002,84,44,28,12,56
wyoming,2019,10,283495.0000000002,76,37,35,4,56
wyoming,2019,11,283495.0000000002,66,35,30,1,56
wyoming,2019,12,283495.0000000002,85,35,44,6,56
wyoming,2020,1,284194,87,40,36,11,56
wyoming,2020,2,284194,89,47,34,8,56
wyoming,2020,3,284194,56,32,18,6,56
wyoming,2020,4,284194,46,19,22,5,56
wyoming,2020,5,284194,69,33,35,1,56
wyoming,2020,6,284194,84,23,52,9,56
wyoming,2020,7,284194,70,31,32,7,56
wyoming,2020,8,284194,90,49,35,6,56
wyoming,2020,9,284194,59,34,23,2,56
wyoming,2020,10,284194,64,8,48,8,56
wyoming,2020,11,284194,52,4,48,0,56
wyoming,2020,12,284194,74,25,45,4,56
wyoming,2021,1,283373.9999999999,47,1,39,7,56
wyoming,2021,2,283373.9999999999,62,2,56,4,56
wyoming,2021,3,283373.9999999999,83,0,75,8,56
wyoming,2021,4,283373.9999999999,66,1,55,10,56
wyoming,2021,5,283373.9999999999,60,0,52,8,56
wyoming,2021,6,283373.9999999999,58,4,47,7,56
wyoming,2021,7,283373.9999999999,60,0,57,3,56
wyoming,2021,8,283373.9999999999,68,1,62,5,56
wyoming,2021,9,283373.9999999999,61,0,56,5,56
wyoming,2021,10,283373.9999999999,73,0,59,14,56
wyoming,2021,11,283373.9999999999,59,0,56,3,56
wyoming,2021,12,283373.9999999999,49,0,43,6,56
wyoming,2022,1,282278.00000000006,43,2,37,4,56
wyoming,2022,2,282278.00000000006,49,2,45,2,56
wyoming,2022,3,282278.00000000006,70,1,63,6,56
wyoming,2022,4,282278.00000000006,52,3,48,1,56
wyoming,2022,5,282278.00000000006,56,2,46,8,56
wyoming,2022,6,282278.00000000006,66,1,60,5,56
wyoming,2022,7,282278.00000000006,50,2,47,1,56
wyoming,2022,8,282278.00000000006,59,3,56,0,56
wyoming,2022,9,282278.00000000006,60,2,54,4,56
wyoming,2022,10,282278.00000000006,66,2,62,2,56
wyoming,2022,11,282278.00000000006,72,1,71,0,56
wyoming,2022,12,282278.00000000006,66,3,59,4,56
wyoming,2023,1,284230.99999999977,69,1,67,1,56
wyoming,2023,2,284230.99999999977,47,3,40,4,56
wyoming,2023,3,284230.99999999977,78,4,65,9,56
wyoming,2023,4,284230.99999999977,69,7,58,4,56
wyoming,2023,5,284230.99999999977,64,4,55,5,56
wyoming,2023,6,284230.99999999977,72,1,70,1,56
wyoming,2023,7,284230.99999999977,76,6,67,3,56
wyoming,2023,8,284230.99999999977,79,3,74,2,56
wyoming,2023,9,284230.99999999977,60,0,55,5,56
wyoming,2023,10,284230.99999999977,56,2,52,2,56
wyoming,2023,11,284230.99999999977,57,3,49,5,56
wyoming,2023,12,284230.99999999977,69,3,58,8,56
wyoming,2024,1,286968.99999999994,54,3,48,3,56
wyoming,2024,2,286968.99999999994,67,4,60,3,56
wyoming,2024,3,286968.99999999994,72,1,66,5,56
wyoming,2024,4,286968.99999999994,68,6,55,7,56
wyoming,2024,5,286968.99999999994,67,1,65,1,56
wyoming,2024,6,286968.99999999994,60,3,55,2,56
wyoming,2024,7,286968.99999999994,95,6,85,4,56
wyoming,2024,8,286968.99999999994,80,4,71,5,56
wyoming,2024,9,286968.99999999994,57,1,52,4,56
wyoming,2024,10,286968.99999999994,67,1,59,7,56
wyoming,2024,11,286968.99999999994,56,0,51,5,56
wyoming,2024,12,286968.99999999994,67,4,58,5,56
